5,ghost,9568274,1551930
5,which,11659,28473
5,sheep,1062311,27050
5,spoke,134145,20427
5,their,67316,21514
5,massa,750997,40234
5,shall,189734,41466
5,shall,143731,36258
5,after,74695,32181
5,ocean,8216143,34864
5,which,4732,17281
5,being,90461,48844
5,great,103220,25300
5,midst,34390,22167
5,march,359154,20029
5,odour,948109,24260
5,comes,9622,19134
5,earth,78703,16095
5,about,181651,48438
5,whale,96229,19353
5,often,15490,16551
5,there,1506,16240
5,shall,94456,15791
5,light,28631,14543
5,large,112716,15562
5,times,125670,47398
5,queen,1355859,20176
5,glory,284108,15777
5,there,1975,15512
5,cross,244182,15412
5,moved,47541,16324
5,shall,114031,15253
5,build,140113,18125
5,first,22591,14183
5,spoke,29432,14238
5,which,1259,13926
5,about,98518,14442
5,women,48277,14108
5,realm,2739409,24555
5,fancy,183354,26781
5,bring,7922,18387
5,above,13362,35164
5,tower,101424,18640
5,again,40325,16837
5,words,3985,15761
5,house,61641,22139
5,henry,14235213,50745
5,mercy,144308,31985
5,teach,743454,36348
5,serve,36419,27979
5,eglon,3620318,57176
5,wound,49248,68304
5,death,17841,29831
5,jakeh,3807848,51276
5,their,56958,32147
5,house,112762,31363
5,young,75808,28576
5,first,5097,26911
5,aloft,17078185,41475
5,feast,140914,33506
5,began,7797,23054
5,forth,17287,21850
5,would,15055,24047
5,spoke,48736,20578
5,heels,746030,30847
5,tribe,317809,24874
5,earth,25591,21850
5,great,16965,20941
5,these,13351,21177
5,south,135925,20110
5,their,43779,20663
5,house,89967,19914
5,shall,37505,24975
5,raise,114691,19665
5,women,94869,20157
5,enemy,960814,44055
5,among,54727,49867
5,began,6538,23633
5,jacob,120895,24515
5,other,3494,22440
5,SK2Hb,10354094,28372
5,2sh44,19718834,42220
5,3Gbd6,25406564,37579
5,ULSAU,13262196,43950
5,wX8ay,17288934,59998
5,LfBem,15005696,42307
5,hzki1,31851329,40162
5,pXmjI,15206099,38069
5,nFEyD,17208448,29399
5,TJjPX,6235057,23140
5,cernF,11225050,27753
5,5jIlX,7760950,26922
5,ydHY8,14651528,51630
5,bVsYJ,18849738,67326
5,OtmQw,13633690,33582
5,17npN,11711451,29671
5,dSXkK,21453516,44780
5,7sE9h,10249347,31511
5,yC8I0,16535429,48189
5,KCEz2,7442986,32733
6,mother,18926,17288
6,regard,7911,16071
6,little,38458,34959
6,people,33890,23058
6,behold,11346,15228
6,placed,12710,17110
6,steady,4298328,48771
6,pequod,4042935,33332
6,craved,2116642,45483
6,rather,47344,16630
6,mortar,53376,20622
6,prince,102830,23127
6,people,39604,21372
6,wrongs,2573338,31585
6,heaven,15258,16446
6,feared,111811,15669
6,things,17332,15057
6,seemed,136514,12593
6,ground,12311,11921
6,looked,39293,11876
6,months,148549,12376
6,nicely,5814382,22936
6,before,3769,10288
6,armour,1714143,18292
6,things,16134,33610
6,misery,162763,14724
6,mighty,24608,36089
6,horror,55121,18470
6,colder,5436381,29993
6,hearer,331140,16678
6,placed,24222,10544
6,follow,14051,9962
6,throat,941109,45047
6,longer,204126,11229
6,regard,5881,9895
6,nation,28315,19525
6,wraths,4107118,41308
6,hamlet,10021771,26970
6,wounds,1361854,24094
6,fought,294997,16624
6,prince,42772,11603
6,unless,128301,12807
6,little,38954,11480
6,places,83507,12138
6,shaken,2156230,27708
6,machir,237074,16378
6,before,3385,11350
6,speedy,3789434,25913
6,throat,1034231,21024
6,number,8328,11132
6,though,8104,12053
6,people,21209,10147
6,coming,21422,10227
6,needle,7126540,43403
6,object,424107,29803
6,spirit,20404,22069
6,friend,161574,35901
6,either,112072,13519
6,shadow,115789,11807
6,amalec,116191,11197
6,pitied,938362,14182
6,dinner,2718556,23572
6,saying,19001,10548
6,pharao,41873,10371
6,deadly,838359,16134
6,father,17629,10120
6,things,15518,10244
6,hebrew,2937,9233
6,convoy,7366675,23094
6,denied,88873,9853
6,israel,54429,27563
6,hebrew,21993,13442
6,except,165272,16840
6,attire,828666,21029
6,elders,515767,14272
6,fought,297157,14009
6,letter,322545,10936
6,master,76452,9300
6,people,17222,8251
6,tokens,1429105,10922
6,Svrk6s,7204598,21398
6,N81DWR,6481951,50656
6,k4bFmC,8320767,27155
6,Hc0YnR,6468045,22371
6,pnYpsk,9669790,39454
6,9sedgy,7762493,35432
6,MMYp2H,6921307,26843
6,vF07j5,9307516,41003
6,DeQBum,6358403,22770
6,txZSwS,22192479,27765
6,Oenj4Z,6563981,22680
6,jmQrEs,6984637,23821
6,s5q2TB,17212837,56214
6,NVPDr7,6036489,17832
6,dtt3gf,13867334,24854
6,36qaqt,6434448,19708
6,zKCc1p,6100198,18658
6,s0uaXI,15602065,18899
6,iqRoFW,15653927,21490
6,qvIDIT,5741135,13502
7,destroy,34830,7073
7,project,1044,6298
7,rebuked,139767,7392
7,empires,6811255,9324
7,showing,6094964,10152
7,trouble,258638,24277
7,husband,60007,8166
7,fashion,387009,12248
7,purpose,3505,19761
7,manners,2063494,8172
7,parable,334173,7090
7,answerd,12839848,14155
7,natural,186824,7694
7,returnd,9483835,30658
7,because,18213,13260
7,present,41397,9838
7,against,39211,10422
7,through,6768,82112
7,offered,55359,28766
7,prophet,42240,11308
7,another,70575,32594
7,levites,532028,17693
7,soldier,125660,12532
7,prevent,288579,13029
7,changes,985391,8078
7,kingdom,36322,9687
7,whether,46721,16862
7,himself,41589,12909
7,comrade,888718,10406
7,deliver,39183,7534
7,because,7613,6306
7,putting,54438,6233
7,company,33412,5779
7,hundred,25536,5344
7,stopped,101333,5668
7,present,11850,11099
7,replied,5678234,12213
7,messala,8006297,13501
7,strange,64326,18463
7,servant,70930,10646
7,expense,716336,18723
7,meaning,4710,8493
7,without,18375,6589
7,plaster,263865,6756
7,deliver,107896,12774
7,subject,40393,24868
7,against,48806,6554
7,outward,866357,6429
7,fearful,498347,6026
7,remnant,395723,5919
7,princes,26710,5652
7,opinion,26777,5098
7,austria,7684490,12110
7,support,220758,8205
7,manners,1812038,7783
7,reigned,332744,72440
7,kinsmen,554079,14493
7,iceland,5934475,26751
7,demands,5066551,9796
7,nations,71048,7724
7,heareth,1048206,7039
7,quarrel,22907,5434
7,violent,13556,4619
7,sincere,72734,5014
7,between,4017,4458
7,learned,31945,4402
7,residue,3182182,7081
7,thither,116100,5469
7,counsel,61991,4918
7,receive,19794,4486
7,country,638,3979
7,raising,128453,4769
7,lifting,38768,4510
7,deliver,36501,4493
7,further,460846,5267
7,command,7182,4425
7,enlarge,72820,4552
7,priests,98218,4879
7,informd,10082554,9884
7,instant,3340804,8069
7,phvh0tI,8138575,23239
7,jeUhVRX,7566999,21602
7,WTi627m,6680976,17439
7,8WcInh0,6335959,18536
7,4LDEJNi,6265679,17650
7,gFsVB9h,9077790,12939
7,qCGV3b4,6279772,12368
7,75xFvop,6277031,12693
7,UkzuAyz,6086230,28558
7,eehCGGd,24580823,15402
7,PIksSgu,11136366,24593
7,M9oDmMD,10859012,21368
7,slYFNUj,20743892,27606
7,BDGLn4F,5701622,13381
7,bU7BawB,7930979,13070
7,PWkj1n2,5641566,11293
7,pSHBJFX,7817667,12955
7,k8hRYAw,6801148,12259
7,yLb7XDU,9102620,12810
7,dpynOUZ,14869964,24365
8,prepared,3065,10539
8,together,15355,8781
8,polonius,9586735,19518
8,vexation,2741239,16408
8,gathered,9465,11120
8,together,16025,10561
8,thinking,356060,13119
8,finished,14959,10293
8,queerest,4773612,20964
8,delicacy,7771912,32413
8,gossamer,4915779,14244
8,children,11209,5795
8,appetite,2860554,8984
8,thirteen,87540,5826
8,publicly,870372,7829
8,rosalind,8844521,14719
8,rosalind,8411812,12066
8,precious,170551,7343
8,children,11202,4986
8,defiance,5591339,7908
8,tomorrow,164115,5807
8,children,10780,4757
8,jealousy,286918,6827
8,thoughts,1001527,5895
8,benjamin,81616,5270
8,memorial,45683,5142
8,anything,1683874,5880
8,pointing,96770,5356
8,brethren,20448,4698
8,margaret,6383813,8093
8,canstick,6227848,45378
8,servants,81722,10095
8,swinging,8294564,78475
8,revolted,71280,6128
8,contents,3681,3688
8,business,116424,4306
8,laughing,38460,3456
8,rewarded,272287,4034
8,pleasant,9226,3174
8,begotten,60270,3205
8,diligent,1132,2927
8,intimacy,7621862,22633
8,tashtego,8879437,9433
8,rosamond,6792696,10330
8,montague,6751234,8438
8,chopping,3694764,24315
8,altering,7657742,5948
8,rosamond,6402249,5857
8,levelled,4862756,7026
8,judgment,16205,2888
8,secretly,65479,2730
8,betrayed,1448025,4286
8,children,11071,2542
8,slippers,6970825,9786
8,nobility,3111838,5767
8,idolatry,139323,3237
8,regarded,3828,2394
8,counsels,166508,2854
8,religion,25603,2426
8,treasure,227512,3333
8,sweeping,5483330,8007
8,entirely,2997160,4836
8,occupied,3253691,5704
8,occurred,6415094,11793
8,bringeth,34411,2852
8,pleasure,6894,2490
8,justices,294266,6507
8,terrible,150628,3156
8,jonathan,401260,2912
8,response,6093489,7573
8,supports,7146736,22776
8,blessing,7394,3244
8,deceived,20388,2936
8,thinkest,128335,3329
8,mediator,667639,4312
8,newdated,14357310,27729
8,conceits,2602755,27324
8,iniquity,35514,4397
8,saidclam,6752717,9050
8,armourer,19144497,33785
8,5urLv6iw,6443523,9186
8,xCud99ut,6511572,8542
8,m3vj2ZgT,10101778,10332
8,1fORYrpe,7383447,46416
8,hNOkuOzh,18590989,134350
8,TbRoGbss,6793516,21740
8,JelTwc5j,5947694,4510
8,AkTbJWRJ,5752988,3520
8,m2v3gnVR,9930792,4017
8,FHefQn0k,5865877,4606
8,QybpNaNe,5966644,4205
8,xtvOVYrF,6060394,4695
8,37dEjsM0,6634651,5786
8,wGMGYJCD,10327884,7111
8,qd1dlGUr,6301898,6666
8,5AuFlMt5,6120353,4878
8,sIRjn5Fv,16590045,6486
8,ySCM2x7O,9938855,7075
8,F5eV92dF,6696499,5925
8,ykzdsQYe,9298308,6135
9,committed,100335,2439
9,commanded,9849,7470
9,posthumus,5652684,4774
9,purposing,2369920,3824
9,antiochus,3845645,2877
9,provision,18648,1761
9,according,5970,1458
9,coatcuffs,5664185,4987
9,agatering,12751318,4874
9,struggles,6775862,4508
9,therefore,35724,1816
9,sometimes,35536,1566
9,companion,10626,1384
9,maintaind,6568673,3755
9,revenging,1296409,2969
9,therefore,35001,1660
9,wonderful,78304,1907
9,according,6073,1502
9,whirlwind,1042575,2253
9,therefore,34300,1612
9,boatcanst,3870878,4165
9,snatching,5578380,3566
9,substance,10423,1513
9,trademark,8038404,4160
9,machabeus,2616726,3048
9,misprized,5692805,4700
9,cleopatra,1465906,3313
9,commotion,2193098,4850
9,presented,41180,1807
9,according,5770,1445
9,engenders,20104793,6038
9,doubtless,4238741,4170
9,redundant,5962020,4063
9,adjusting,7923277,4176
9,blessings,24251,1676
9,wayeither,3366163,3366
9,integrity,367447,2502
9,religious,3090,1393
9,according,5301,1201
9,centuries,2110,1213
9,cymbeline,5195470,3842
9,lodgegate,6433966,3287
9,inclusive,7383356,3611
9,important,5881797,5178
9,restraind,10816780,4917
9,maddening,4369535,3875
9,captivity,389401,2803
9,sprouting,8698361,7363
9,benignity,3233824,4782
9,parsonage,4126342,5255
9,yesterday,79820,2171
9,daughters,25914,1611
9,functions,381841,2213
9,preacheth,1679096,3481
9,amputated,9166790,5312
9,exceeding,42550,1995
9,miserable,636533,3117
9,lightsome,2226359,3792
9,definable,7156849,7338
9,glendower,5793712,21822
9,strangers,142307,2232
9,macedonia,1551492,5688
9,corrupted,18569,11179
9,nephussim,2279763,2319
9,liability,4374179,3752
9,contemned,190472,1901
9,salvation,255975,1635
9,wondering,64697,1508
9,inhabited,514546,1611
9,enobarbus,14970245,3017
9,ornaments,422324,1689
9,certainly,91463,1552
9,exhausted,9321815,2930
9,generally,2642,1500
9,continual,231745,1546
9,therefore,35574,1637
9,certainly,95960,1508
9,everybody,4838187,3188
9,knowledge,7271,1950
9,vestments,222606,2134
9,NZCyr6Kz5,6682618,5279
9,D9zO6txlJ,6485052,8304
9,syTcaBhMI,16160004,5516
9,mxGKHXopw,9894602,4681
9,61M98f4T1,5767627,3673
9,4YpM0F6bh,6021403,3213
9,uED8uzm4X,10173001,4348
9,c7xJdgmNW,10021630,7088
9,WzSUyfen0,6397449,3845
9,L6n6UZyo5,6121984,4039
9,9ALaRyzA9,5907106,4198
9,P1ccFi8Wi,5907931,3982
9,FWLDRZZjH,5787555,3233
9,6Qk9AEyzz,5930226,3217
9,WO3QTkdf8,5761003,3092
9,1UYecUDf8,6070795,7832
9,cmOyyMH9H,9028488,4409
9,ckNPLCRiq,9210784,3958
9,cY3oFCE4u,8994062,4103
9,7lKgv3Tik,6085847,10478
10,ophimachus,551189,2541
10,sojourners,552535,1794
10,dreariness,6711159,6951
10,tabernacle,297127,1869
10,discerning,4748690,2471
10,rebounding,3050367,2888
10,tabernacle,329954,1827
10,crownpiece,3827391,3996
10,howeverits,11197053,5288
10,themselves,22042,1776
10,miniatures,4535107,7111
10,sacrificed,390723,2958
10,sidepocket,8467594,13795
10,monomaniac,5098619,6648
10,neighbours,548327,5373
10,gloucester,6726953,5420
10,ordinances,370800,2188
10,insistence,8851748,3722
10,impatience,1557622,2204
10,unleavened,45711,1659
10,profitably,3447930,3914
10,reputation,5225637,3591
10,confounded,30717,1611
10,punishable,4712242,3257
10,newsletter,6290623,3427
10,scandalize,2900277,2782
10,overthrown,63279,1509
10,overcometh,2061809,2688
10,adroitness,10371507,7264
10,ceremonies,77681,2183
10,provincial,3966989,3724
10,mightiness,7400792,3362
10,admonishes,3693420,3141
10,abdemelech,4526065,3372
10,particular,23735,1596
10,understand,6194,1315
10,iniquities,63680,1481
10,admiration,2777061,2093
10,compromise,4138492,4047
10,attendants,12002491,6220
10,persecuted,579189,2792
10,gentleness,3767677,3801
10,antipholus,12212473,3149
10,sanctified,12519,1458
10,overthrown,62300,1353
10,confidence,569415,2152
10,vigorously,497287,2109
10,understand,5839,1290
10,revelation,1398979,1613
10,anatomical,8056093,3053
10,motherless,5361378,3195
10,themselves,18790,1569
10,afterwards,57697,1351
10,headstrong,4135219,2204
10,understand,6206,1358
10,holocausts,42780,1262
10,feebleness,2274261,3290
10,perfection,179090,1796
10,resolution,1006651,1835
10,derogation,8089196,2724
10,electronic,5713,1365
10,themselves,18491,8752
10,cadesbarne,389157,1729
10,depression,5175403,9771
10,whaleballs,3723088,2548
10,opposition,1168481,2272
10,confusedly,4355751,3137
10,vocabulary,3008571,2768
10,understand,7062,1449
10,hailstones,1255274,2135
10,resolution,1018138,1957
10,disloyalty,565853,1758
10,engravings,2475606,2063
10,celebrated,271820,1656
10,henceforth,72024,1819
10,concession,4927881,3061
10,sacrificed,310979,1672
10,henceforth,52102,1505
10,astonished,148632,1515
10,appointeth,692400,1530
10,v3GT0GyIbM,6896158,2761
10,fkxe29ilwX,8663895,2695
10,zQ15v2QJXf,5626151,2921
10,a3v4T9Sk5O,17779509,5234
10,lfdDWp42w6,12337297,4427
10,O1YJ79zpr9,5977650,7977
10,32vKtoSeck,5648473,3144
10,cn7qWDGPkN,9338123,5499
10,YkTmqkZ29z,5666307,15939
10,PizGQhjcNv,5517214,2793
10,05Urc2O5Kv,5702206,3385
10,7mIxnppe58,5858539,3779
10,tLmT4yUM38,18488363,3822
10,eLXAyHJBKY,21920247,3547
10,KkzT4vEgnG,5508239,21070
10,uu7jSOWoem,9526515,16626
10,0GTTKAJdyV,5434797,6823
10,WJcBnMn285,5596257,2838
10,dI8o6BqiBa,11988315,6801
10,8o6a2wTRyl,5835620,2973
5,ghost,318011,10649
5,which,484,2154
5,sheep,83313,1960
5,spoke,29373,1724
5,their,26821,1635
5,massa,118950,1685
5,shall,20300,16123
5,shall,17501,1261
5,after,12241,1256
5,ocean,3780548,8023
5,which,409,1550
5,being,7235,1252
5,great,7022,1150
5,midst,5294,1127
5,march,200873,2069
5,odour,674134,2222
5,comes,1553,1418
5,earth,12850,1132
5,about,116587,1723
5,whale,8136,1316
5,often,4872,1350
5,there,334,1369
5,shall,21570,1387
5,light,8774,1191
5,large,59859,1847
5,times,58005,1339
5,queen,700553,2119
5,glory,136556,1663
5,there,286,1271
5,cross,115051,1563
5,moved,4670,1144
5,shall,17726,1194
5,build,17953,1110
5,first,759,1029
5,spoke,22532,1183
5,which,169,1055
5,about,112104,1549
5,women,42365,1250
5,realm,2558429,4294
5,fancy,204106,2267
5,bring,5345,1278
5,above,9619,1121
5,tower,79869,1605
5,again,30829,1174
5,words,2076,1030
5,house,51317,2142
5,henry,9375618,6486
5,mercy,62051,1653
5,teach,385003,1819
5,serve,15807,1361
5,eglon,1697284,2730
5,wound,19310,1703
5,death,6104,1230
5,jakeh,1230804,3251
5,their,18235,1162
5,house,42416,1005
5,young,24051,1036
5,first,699,900
5,aloft,7830771,5635
5,feast,54742,1422
5,began,1388,1065
5,forth,5541,966
5,would,6209,1041
5,spoke,20241,992
5,heels,353460,1849
5,tribe,153616,1390
5,earth,11002,1110
5,great,5636,984
5,these,5213,1044
5,south,53897,1086
5,their,17554,1123
5,house,42007,1055
5,shall,16064,1021
5,raise,52937,1070
5,women,36140,1033
5,enemy,548727,1509
5,among,25078,1234
5,began,1554,1264
5,jacob,106656,1573
5,other,751,1204
5,SK2Hb,6362817,5174
5,2sh44,6254811,5425
5,3Gbd6,7041183,5849
5,ULSAU,8126444,13082
5,wX8ay,10896112,6929
5,LfBem,6017511,4882
5,hzki1,24077288,7053
5,pXmjI,8013630,3682
5,nFEyD,16309224,5070
5,TJjPX,5969424,3327
5,cernF,11561143,6924
5,5jIlX,6231152,4917
5,ydHY8,10918977,8456
5,bVsYJ,10087428,8515
5,OtmQw,7462492,6889
5,17npN,6634299,5466
5,dSXkK,12799566,4361
5,7sE9h,6913920,6787
5,yC8I0,9704372,25943
5,KCEz2,6112996,4210
6,mother,10891,1297
6,regard,4286,1077
6,little,26150,1098
6,people,13809,1081
6,behold,6759,1076
6,placed,7896,1020
6,steady,3101363,3299
6,pequod,3407675,4060
6,craved,1474755,2769
6,rather,28233,1418
6,mortar,29931,1172
6,prince,27937,1154
6,people,13410,1100
6,wrongs,1770803,2941
6,heaven,7642,1291
6,feared,73627,1324
6,things,10508,1234
6,seemed,81896,1198
6,ground,8633,1306
6,looked,30234,1086
6,months,159812,1407
6,nicely,5262260,3882
6,before,612,1223
6,armour,1545838,2268
6,things,10192,1304
6,misery,124300,1384
6,mighty,17535,1224
6,horror,26481,1128
6,colder,3940282,3657
6,hearer,389414,3176
6,placed,8535,1263
6,follow,11773,1089
6,throat,743171,1696
6,longer,145419,1546
6,regard,4145,1107
6,nation,23765,1207
6,wraths,3224030,2183
6,hamlet,7682585,2772
6,wounds,914901,1667
6,fought,194271,1453
6,prince,26033,1195
6,unless,72742,1275
6,little,23671,1338
6,places,43807,1135
6,shaken,1422504,1530
6,machir,144897,1460
6,before,586,1118
6,speedy,3609133,11498
6,throat,1023423,6185
6,number,4583,1526
6,though,5424,1286
6,people,23164,2593
6,coming,16345,1475
6,needle,6145216,8182
6,object,267237,2744
6,spirit,10162,1656
6,friend,95064,1841
6,either,98317,1752
6,shadow,103980,1742
6,amalec,109377,1741
6,pitied,889291,2448
6,dinner,2569317,3329
6,saying,12088,1490
6,pharao,33201,30869
6,deadly,697019,2322
6,father,12502,1523
6,things,11975,1407
6,hebrew,1568,1147
6,convoy,6456068,22060
6,denied,75109,1566
6,israel,46204,1294
6,hebrew,1359,1003
6,except,108449,1268
6,attire,560300,1901
6,elders,415073,1558
6,fought,207532,1527
6,letter,197294,1400
6,master,58431,1175
6,people,12412,1050
6,tokens,1272157,1676
6,Svrk6s,5945660,4104
6,N81DWR,5517869,2609
6,k4bFmC,7146171,4298
6,Hc0YnR,6163238,4471
6,pnYpsk,8682463,77110
6,9sedgy,6453249,21797
6,MMYp2H,6050412,4735
6,vF07j5,7673921,5312
6,DeQBum,5740586,3796
6,txZSwS,19381242,4279
6,Oenj4Z,6087753,3362
6,jmQrEs,6521234,3195
6,s5q2TB,16319503,5753
6,NVPDr7,5990274,3640
6,dtt3gf,12105680,4914
6,36qaqt,5854568,3375
6,zKCc1p,5561101,3210
6,s0uaXI,14502191,3809
6,iqRoFW,14937987,4056
6,qvIDIT,6111202,4123
7,destroy,35119,1446
7,project,116,2797
7,rebuked,173034,1804
7,empires,7451950,4589
7,showing,7936543,4228
7,trouble,243343,2134
7,husband,21968,1501
7,fashion,254847,1930
7,purpose,2411,1516
7,manners,2400516,3191
7,parable,428662,1804
7,answerd,13992962,5650
7,natural,193072,1843
7,returnd,9537857,2781
7,because,6642,1137
7,present,10935,990
7,against,24477,933
7,through,2904,920
7,offered,22843,895
7,prophet,20990,989
7,another,32365,901
7,levites,289508,1267
7,soldier,97519,1267
7,prevent,238882,1292
7,changes,856160,1302
7,kingdom,18745,1072
7,whether,38710,1075
7,himself,14683,996
7,comrade,558743,1261
7,deliver,35349,1103
7,because,6236,931
7,putting,51404,1088
7,company,31523,1009
7,hundred,23711,972
7,stopped,98106,1058
7,present,10557,949
7,replied,5578451,3787
7,messala,7456790,3190
7,strange,57418,1247
7,servant,34915,1254
7,expense,488168,1439
7,meaning,1684,1067
7,without,16224,1061
7,plaster,226515,1237
7,deliver,35569,1045
7,subject,14896,1004
7,against,24362,966
7,outward,790918,1338
7,fearful,494356,1520
7,remnant,462132,1383
7,princes,24260,1180
7,opinion,23564,995
7,austria,6922706,2370
7,support,200688,1362
7,manners,1754558,1701
7,reigned,138959,1425
7,kinsmen,280782,1438
7,iceland,5401727,3261
7,demands,5070551,3197
7,nations,90550,1389
7,heareth,1084914,1678
7,quarrel,19729,1172
7,violent,13148,1086
7,sincere,71393,1081
7,between,3895,966
7,learned,31074,969
7,residue,3057040,2680
7,thither,133630,1492
7,counsel,68979,1339
7,receive,22007,1158
7,country,547,991
7,raising,143463,1264
7,lifting,43072,1255
7,deliver,40341,1208
7,further,637477,1653
7,command,7881,1147
7,enlarge,81225,1189
7,priests,109861,1409
7,informd,11400454,4236
7,instant,4144771,3659
7,phvh0tI,8750457,3939
7,jeUhVRX,8204505,4262
7,WTi627m,5695460,3011
7,8WcInh0,7926886,7978
7,4LDEJNi,12664086,7940
7,gFsVB9h,9035840,5090
7,qCGV3b4,6002132,4866
7,75xFvop,5927126,3269
7,UkzuAyz,5758092,3205
7,eehCGGd,23599498,4005
7,PIksSgu,5349236,2934
7,M9oDmMD,5600165,3019
7,slYFNUj,14060322,3547
7,BDGLn4F,5499639,3263
7,bU7BawB,8081650,4445
7,PWkj1n2,5459414,3453
7,pSHBJFX,7713336,3475
7,k8hRYAw,6919724,4064
7,yLb7XDU,8862937,3853
7,dpynOUZ,11770881,3793
8,prepared,1636,23042
8,together,13138,2960
8,polonius,5971768,5121
8,vexation,1725265,3881
8,gathered,7447,1632
8,together,14707,1590
8,thinking,292763,1998
8,finished,11079,1655
8,queerest,2768499,3860
8,delicacy,5717953,46107
8,gossamer,4873136,33344
8,children,11863,9950
8,appetite,3184475,19698
8,thirteen,94721,11340
8,publicly,813601,6638
8,rosalind,9322387,8602
8,rosalind,10686856,17867
8,precious,183702,4468
8,children,11541,2018
8,defiance,6513679,7993
8,tomorrow,190809,2675
8,children,10770,2055
8,jealousy,230456,42852
8,thoughts,1190955,3822
8,benjamin,119468,3122
8,memorial,58472,2846
8,anything,2509407,30189
8,pointing,185867,8687
8,brethren,32650,3791
8,margaret,9219104,11103
8,canstick,7071587,8837
8,servants,61932,3228
8,swinging,6720836,10361
8,revolted,63047,2402
8,contents,2889,2020
8,business,102418,2851
8,laughing,34332,2165
8,rewarded,293655,2730
8,pleasant,7878,2072
8,begotten,53591,2145
8,diligent,907,1818
8,intimacy,7267795,7372
8,tashtego,7952171,5381
8,rosamond,6648784,5384
8,montague,7029130,5456
8,chopping,5279377,45382
8,altering,9850125,12173
8,rosamond,7587964,12853
8,levelled,4596010,3369
8,judgment,17018,1204
8,secretly,68454,1116
8,betrayed,1357382,1909
8,children,11333,1172
8,slippers,7465245,4871
8,nobility,2986591,3013
8,idolatry,125663,1647
8,regarded,3846,993
8,counsels,171401,1319
8,religion,26465,962
8,treasure,356166,1434
8,sweeping,5652005,4146
8,entirely,4482421,2446
8,occupied,4052203,2914
8,occurred,6958919,3026
8,bringeth,36558,1207
8,pleasure,7143,1076
8,justices,289401,1343
8,terrible,160698,1214
8,jonathan,423294,1216
8,response,5474316,2397
8,supports,5904323,3742
8,blessing,7169,1234
8,deceived,26606,1178
8,thinkest,123845,18176
8,mediator,610205,2206
8,newdated,11887184,26941
8,conceits,1824166,9339
8,iniquity,24642,1299
8,saidclam,6218676,3991
8,armourer,11238261,3672
8,5urLv6iw,5724050,3167
8,xCud99ut,6351291,3931
8,m3vj2ZgT,10184093,4384
8,1fORYrpe,6728874,3480
8,hNOkuOzh,18301549,7129
8,TbRoGbss,6867448,8061
8,JelTwc5j,6355309,3769
8,AkTbJWRJ,5943782,3078
8,m2v3gnVR,10052135,3456
8,FHefQn0k,5927997,3504
8,QybpNaNe,6075019,2813
8,xtvOVYrF,5986440,3179
8,37dEjsM0,6307693,3456
8,wGMGYJCD,9717241,4430
8,qd1dlGUr,6145683,3515
8,5AuFlMt5,6256687,3473
8,sIRjn5Fv,17137188,9014
8,ySCM2x7O,14736218,6388
8,F5eV92dF,6398429,4054
8,ykzdsQYe,9456507,3600
9,committed,97887,8537
9,commanded,9432,1246
9,posthumus,5706785,2755
9,purposing,2423029,2571
9,antiochus,3953662,2620
9,provision,17992,1351
9,according,5668,922
9,coatcuffs,5927759,3289
9,agatering,14136026,4788
9,struggles,7877163,2967
9,therefore,38223,1366
9,sometimes,37511,1162
9,companion,11151,1022
9,maintaind,7186479,3490
9,revenging,1343956,2540
9,therefore,44549,1445
9,wonderful,71746,1307
9,according,6579,1170
9,whirlwind,1146760,1466
9,therefore,42894,1464
9,boatcanst,4413964,3607
9,snatching,5957110,3375
9,substance,17912,2108
9,trademark,7366283,2706
9,machabeus,2690062,2772
9,misprized,5362154,2424
9,cleopatra,1318014,2281
9,commotion,1804059,1846
9,presented,34998,1050
9,according,4990,1059
9,engenders,17167960,3010
9,doubtless,4708630,2909
9,redundant,6610946,2946
9,adjusting,10046796,4966
9,blessings,28046,1504
9,wayeither,3570250,3047
9,integrity,390851,1588
9,religious,3350,1150
9,according,5798,839
9,centuries,2172,916
9,cymbeline,5069058,2308
9,lodgegate,6630169,2411
9,inclusive,7036887,2427
9,important,5453791,2298
9,restraind,9054364,2342
9,maddening,3943729,2678
9,captivity,364313,1610
9,sprouting,7203388,2217
9,benignity,3090948,2577
9,parsonage,3828452,2342
9,yesterday,74904,1236
9,daughters,23878,983
9,functions,344096,1096
9,preacheth,1281171,1384
9,amputated,7615533,3663
9,exceeding,35465,1158
9,miserable,534286,1718
9,lightsome,1762183,1713
9,definable,7028152,4647
9,glendower,7261735,6203
9,strangers,85572,1719
9,macedonia,2012769,3191
9,corrupted,26648,1604
9,nephussim,3166359,3448
9,liability,5992759,6788
9,contemned,272186,2762
9,salvation,313398,1801
9,wondering,95175,1638
9,inhabited,727632,1846
9,enobarbus,17730717,8122
9,ornaments,556333,3078
9,certainly,120651,1612
9,exhausted,10849483,5283
9,generally,2954,1145
9,continual,231240,1803
9,therefore,38881,1210
9,certainly,105949,1289
9,everybody,5477818,4537
9,knowledge,5473,1060
9,vestments,163142,1461
9,NZCyr6Kz5,5321051,2752
9,D9zO6txlJ,5591142,2337
9,syTcaBhMI,16928675,4687
9,mxGKHXopw,10310087,3590
9,61M98f4T1,6273304,4136
9,4YpM0F6bh,6110358,2593
9,uED8uzm4X,9603304,2530
9,c7xJdgmNW,8496424,2697
9,WzSUyfen0,5427310,2705
9,L6n6UZyo5,5407051,2224
9,9ALaRyzA9,5755978,2719
9,P1ccFi8Wi,5391467,2262
9,FWLDRZZjH,5627858,2531
9,6Qk9AEyzz,7561277,5491
9,WO3QTkdf8,7100083,3959
9,1UYecUDf8,6880805,4207
9,cmOyyMH9H,10416364,4777
9,ckNPLCRiq,9861763,3279
9,cY3oFCE4u,9725473,3193
9,7lKgv3Tik,5977504,3140
10,ophimachus,538349,2330
10,sojourners,536332,1484
10,dreariness,6649066,2581
10,tabernacle,300849,1574
10,discerning,4601245,2080
10,rebounding,2817843,2403
10,tabernacle,286044,1287
10,crownpiece,3683558,2969
10,howeverits,9978926,3144
10,themselves,21433,1335
10,miniatures,4335355,2878
10,sacrificed,380217,1732
10,sidepocket,6524330,2468
10,monomaniac,4301235,2452
10,neighbours,375005,1543
10,gloucester,6807789,3530
10,ordinances,381025,1628
10,insistence,8292768,2926
10,impatience,1565950,1726
10,unleavened,42800,1146
10,profitably,3529874,5414
10,reputation,6377940,4924
10,confounded,38414,1610
10,punishable,5512423,4837
10,newsletter,7366016,5010
10,scandalize,3426189,3156
10,overthrown,84760,1599
10,overcometh,2556111,3071
10,adroitness,10602740,3580
10,ceremonies,62100,1304
10,provincial,3391523,2161
10,mightiness,6897431,2788
10,admonishes,3511181,2301
10,abdemelech,4544209,2452
10,particular,23056,1267
10,understand,5888,918
10,iniquities,88774,1020
10,admiration,2677347,1339
10,compromise,3883737,2474
10,attendants,11170907,2236
10,persecuted,423014,1508
10,gentleness,3566337,2358
10,antipholus,12562344,2621
10,sanctified,15052,1353
10,overthrown,59601,1122
10,confidence,555075,1201
10,vigorously,481127,1150
10,understand,5921,936
10,revelation,1306409,1159
10,anatomical,7671863,2231
10,motherless,5260835,2107
10,themselves,19548,1152
10,afterwards,55768,1006
10,headstrong,3946181,1487
10,understand,6241,986
10,holocausts,42399,1040
10,feebleness,2041303,1597
10,perfection,177647,1161
10,resolution,833831,1228
10,derogation,7685928,2018
10,electronic,5760,1071
10,themselves,18710,951
10,cadesbarne,387393,1230
10,depression,5507166,2083
10,whaleballs,3616424,1768
10,opposition,1186995,1497
10,confusedly,4261872,1971
10,vocabulary,2822071,1443
10,understand,6012,956
10,hailstones,1130731,1269
10,resolution,834561,1139
10,disloyalty,479121,1170
10,engravings,2240916,1265
10,celebrated,212972,1199
10,henceforth,51779,1083
10,concession,5148794,2213
10,sacrificed,335444,1275
10,henceforth,56299,1190
10,astonished,161429,1225
10,appointeth,747470,1178
10,v3GT0GyIbM,6847983,3208
10,fkxe29ilwX,8645236,2763
10,zQ15v2QJXf,5522694,1908
10,a3v4T9Sk5O,16487126,2279
10,lfdDWp42w6,11551128,4531
10,O1YJ79zpr9,6106963,3531
10,32vKtoSeck,6461511,2515
10,cn7qWDGPkN,10266994,3900
10,YkTmqkZ29z,5879686,3042
10,PizGQhjcNv,5446663,2349
10,05Urc2O5Kv,5675582,2761
10,7mIxnppe58,5900325,2749
10,tLmT4yUM38,19850046,4043
10,eLXAyHJBKY,25820948,6013
10,KkzT4vEgnG,6283132,3905
10,uu7jSOWoem,9767715,3518
10,0GTTKAJdyV,5798427,3146
10,WJcBnMn285,6135743,3152
10,dI8o6BqiBa,13342789,4771
10,8o6a2wTRyl,5948245,3016
5,ghost,278433,9423
5,which,375,1578
5,sheep,73089,1426
5,spoke,26124,2195
5,their,23647,1237
5,massa,117254,1334
5,shall,19784,1091
5,shall,17450,983
5,after,12509,920
5,ocean,3674305,4161
5,which,344,1207
5,being,7198,966
5,great,6719,818
5,midst,5024,790
5,march,194181,1615
5,odour,647766,1442
5,comes,1488,1181
5,earth,13129,926
5,about,96722,998
5,whale,7234,895
5,often,4319,820
5,there,271,915
5,shall,19244,880
5,light,7752,762
5,large,42469,875
5,times,44306,881
5,queen,748161,1588
5,glory,144569,1402
5,there,308,1046
5,cross,122592,1110
5,moved,5043,953
5,shall,19154,933
5,build,19321,968
5,first,836,782
5,spoke,24165,845
5,which,181,811
5,about,95863,898
5,women,44233,913
5,realm,2517747,1423
5,fancy,167045,1328
5,bring,5697,954
5,above,10319,811
5,tower,114093,1329
5,again,51603,1488
5,words,2798,953
5,house,70452,1087
5,henry,10742952,7026
5,mercy,92523,1547
5,teach,471627,1862
5,serve,14746,1120
5,eglon,1790496,9486
5,wound,15087,1118
5,death,4809,755
5,jakeh,1200776,2273
5,their,18324,904
5,house,60433,1040
5,young,41940,858
5,first,706,704
5,aloft,8454046,6687
5,feast,51942,1209
5,began,1400,743
5,forth,5197,623
5,would,5819,600
5,spoke,19178,7811
5,heels,334577,1149
5,tribe,140304,1051
5,earth,10185,908
5,great,5293,698
5,these,4939,901
5,south,50603,7164
5,their,16852,933
5,house,41225,689
5,shall,15092,729
5,raise,91788,1115
5,women,87183,1663
5,enemy,586347,1288
5,among,29727,14866
5,began,1382,1049
5,jacob,78155,1358
5,other,788,15120
5,SK2Hb,6539466,8394
5,2sh44,6541573,4535
5,3Gbd6,6229163,2635
5,ULSAU,6457794,4737
5,wX8ay,15322948,7574
5,LfBem,5855807,22357
5,hzki1,17058280,4898
5,pXmjI,7729554,3202
5,nFEyD,16369668,5238
5,TJjPX,6169725,3397
5,cernF,11498472,5840
5,5jIlX,6203634,2888
5,ydHY8,10274881,6071
5,bVsYJ,9599004,4903
5,OtmQw,6565188,3970
5,17npN,7407410,3749
5,dSXkK,15283014,9973
5,7sE9h,8551275,8542
5,yC8I0,11150664,6082
5,KCEz2,6153394,2657
6,mother,10271,953
6,regard,4175,801
6,little,25368,842
6,people,13421,812
6,behold,6431,696
6,placed,7804,672
6,steady,2880709,2065
6,pequod,3199598,3335
6,craved,1448125,2380
6,rather,27620,976
6,mortar,29492,877
6,prince,27034,866
6,people,12849,786
6,wrongs,2080088,1956
6,heaven,9302,1079
6,feared,121322,1366
6,things,12499,1241
6,seemed,99065,1037
6,ground,10252,1224
6,looked,36658,954
6,months,139967,1171
6,nicely,5869543,3385
6,before,719,1122
6,armour,1591960,1515
6,things,11358,1139
6,misery,140597,1180
6,mighty,19695,1077
6,horror,30061,949
6,colder,4005406,2248
6,hearer,251186,1307
6,placed,7760,840
6,follow,11774,790
6,throat,698698,1181
6,longer,157702,1129
6,regard,3985,783
6,nation,22546,776
6,wraths,3215609,2169
6,hamlet,7509495,1840
6,wounds,998438,1518
6,fought,302955,1145
6,prince,25976,871
6,unless,71117,916
6,little,22901,850
6,places,42548,790
6,shaken,1404635,1254
6,machir,137893,1069
6,before,523,808
6,speedy,2451658,1719
6,throat,807537,1282
6,number,3403,919
6,though,4251,716
6,people,12527,725
6,coming,11751,659
6,needle,4717422,2967
6,object,287207,1414
6,spirit,8214,11203
6,friend,79958,933
6,either,63697,888
6,shadow,67115,856
6,amalec,71073,833
6,pitied,778817,1414
6,dinner,1868204,1240
6,saying,8887,787
6,pharao,25052,730
6,deadly,506324,895
6,father,9126,933
6,things,8973,702
6,hebrew,1124,699
6,convoy,5280440,2853
6,denied,63911,955
6,israel,39199,905
6,hebrew,1187,652
6,except,91817,725
6,attire,438924,996
6,elders,349437,1022
6,fought,241099,1775
6,letter,330112,1604
6,master,68946,1175
6,people,14611,1000
6,tokens,1560180,1445
6,Svrk6s,5810206,2637
6,N81DWR,8569596,7162
6,k4bFmC,8313536,4113
6,Hc0YnR,5972141,3610
6,pnYpsk,9016570,2964
6,9sedgy,6079370,3458
6,MMYp2H,5767611,3404
6,vF07j5,7015982,3573
6,DeQBum,5650343,3007
6,txZSwS,19222075,4005
6,Oenj4Z,5907089,3540
6,jmQrEs,7260280,4438
6,s5q2TB,16850636,6648
6,NVPDr7,6375371,5008
6,dtt3gf,11675787,3281
6,36qaqt,5715287,2762
6,zKCc1p,5467410,2496
6,s0uaXI,14309495,2930
6,iqRoFW,14148156,2864
6,qvIDIT,5920578,2942
7,destroy,28589,1044
7,project,97,787
7,rebuked,129343,1042
7,empires,5988102,1970
7,showing,5537424,2077
7,trouble,183556,1359
7,husband,16111,997
7,fashion,194421,8384
7,purpose,1869,900
7,manners,1770433,1180
7,parable,346447,1601
7,answerd,12119132,16890
7,natural,173637,1634
7,returnd,8872958,2074
7,because,6526,979
7,present,10897,897
7,against,23782,770
7,through,2842,726
7,offered,22384,804
7,prophet,20647,706
7,another,31546,715
7,levites,283728,10118
7,soldier,95012,1012
7,prevent,235049,1046
7,changes,836410,1006
7,kingdom,21989,880
7,whether,37627,824
7,himself,14236,783
7,comrade,544709,924
7,deliver,34253,839
7,because,6072,802
7,putting,50093,868
7,company,30630,787
7,hundred,22966,896
7,stopped,95310,818
7,present,10391,806
7,replied,7150604,6952
7,messala,9537631,3907
7,strange,71789,1394
7,servant,43868,1196
7,expense,689574,1948
7,meaning,2156,1115
7,without,20786,1015
7,plaster,285712,1434
7,deliver,46734,1079
7,subject,18558,1058
7,against,30661,974
7,outward,992604,1357
7,fearful,589893,1299
7,remnant,470796,1275
7,princes,30309,1199
7,opinion,29637,1187
7,austria,8717555,3404
7,support,241717,1930
7,manners,1912656,2084
7,reigned,143970,1084
7,kinsmen,270159,1036
7,iceland,5412616,2847
7,demands,5063551,2211
7,nations,46188,1036
7,heareth,935953,1441
7,quarrel,19811,1023
7,violent,13129,835
7,sincere,71461,924
7,between,3885,775
7,learned,31000,775
7,residue,2855928,1574
7,thither,113179,1052
7,counsel,60441,962
7,receive,19178,945
7,country,477,719
7,raising,146193,1260
7,lifting,51695,1773
7,deliver,66619,1778
7,further,587964,1586
7,command,8613,1083
7,enlarge,86395,1018
7,priests,95443,1080
7,informd,10023870,3283
7,instant,3320108,2713
7,phvh0tI,8641767,5199
7,jeUhVRX,5654891,2619
7,WTi627m,6793667,4003
7,8WcInh0,6487385,3014
7,4LDEJNi,5918881,2456
7,gFsVB9h,9636300,3384
7,qCGV3b4,6837386,4215
7,75xFvop,6159300,2977
7,UkzuAyz,6282088,2699
7,eehCGGd,22947772,3185
7,PIksSgu,5328653,2585
7,M9oDmMD,5402490,2502
7,slYFNUj,18591965,6386
7,BDGLn4F,5580994,2917
7,bU7BawB,8596366,4611
7,PWkj1n2,5670243,3116
7,pSHBJFX,8357471,3219
7,k8hRYAw,6899733,2613
7,yLb7XDU,8757844,2983
7,dpynOUZ,11857233,3681
8,prepared,1600,981
8,together,9946,970
8,polonius,5220241,3481
8,vexation,1421929,2800
8,gathered,5028,909
8,together,10352,921
8,thinking,174175,1168
8,finished,7815,977
8,queerest,2306513,3609
8,delicacy,4921538,2834
8,gossamer,4432283,2773
8,children,11510,1059
8,appetite,2804185,2565
8,thirteen,89423,1152
8,publicly,873551,1378
8,rosalind,8665546,2463
8,rosalind,8380633,2384
8,precious,183497,1387
8,children,10451,8367
8,defiance,6927419,3876
8,tomorrow,200059,1484
8,children,12382,1140
8,jealousy,250826,1344
8,thoughts,1136558,1404
8,benjamin,98637,1364
8,memorial,94865,1686
8,anything,2005466,1514
8,pointing,119245,1398
8,brethren,24683,1175
8,margaret,7361122,3593
8,canstick,6804396,3239
8,servants,46129,1376
8,swinging,5658835,3088
8,revolted,70414,1519
8,contents,3164,1063
8,business,112501,1358
8,laughing,37553,1527
8,rewarded,231457,1078
8,pleasant,6855,792
8,begotten,46540,1025
8,diligent,1127,925
8,intimacy,8175530,7416
8,tashtego,8365997,3881
8,rosamond,6947100,3462
8,montague,7341544,3908
8,chopping,5073761,4366
8,altering,8818360,3409
8,rosamond,7530069,2985
8,levelled,4993380,3225
8,judgment,18329,1196
8,secretly,74120,1151
8,betrayed,1569842,2310
8,children,12008,1171
8,slippers,7177475,3480
8,nobility,3208256,2421
8,idolatry,126854,1164
8,regarded,3848,858
8,counsels,169731,1081
8,religion,26020,940
8,treasure,234405,1254
8,sweeping,5148083,3001
8,entirely,2915168,1348
8,occupied,3556775,2464
8,occurred,6051205,3092
8,bringeth,34827,1087
8,pleasure,6789,931
8,justices,278430,1307
8,terrible,152156,1057
8,jonathan,403600,1068
8,response,5280997,1950
8,supports,5000569,2325
8,blessing,6533,1038
8,deceived,55704,1294
8,thinkest,156969,1130
8,mediator,530746,1202
8,newdated,10747585,2163
8,conceits,1728985,1903
8,iniquity,22557,1019
8,saidclam,5570126,3043
8,armourer,13213243,4938
8,5urLv6iw,6113447,4868
8,xCud99ut,6173313,2962
8,m3vj2ZgT,9502890,3313
8,1fORYrpe,5654323,2186
8,hNOkuOzh,15732526,3440
8,TbRoGbss,5883981,2401
8,JelTwc5j,5218218,2073
8,AkTbJWRJ,5460914,2907
8,m2v3gnVR,10583579,4428
8,FHefQn0k,5899655,3698
8,QybpNaNe,6210710,2857
8,xtvOVYrF,6040689,3301
8,37dEjsM0,7095731,18861
8,wGMGYJCD,9821355,6567
8,qd1dlGUr,6752659,4722
8,5AuFlMt5,6588806,5783
8,sIRjn5Fv,16422403,7531
8,ySCM2x7O,10954108,141551
8,F5eV92dF,10220439,5979
8,ykzdsQYe,8854791,4232
9,committed,96293,1588
9,commanded,9233,1026
9,posthumus,5608037,2295
9,purposing,2322331,2277
9,antiochus,3713253,1741
9,provision,17977,1359
9,according,25385,1199
9,coatcuffs,7131217,5950
9,agatering,13154979,4670
9,struggles,7102113,3208
9,therefore,36432,1334
9,sometimes,35694,1049
9,companion,10535,1030
9,maintaind,7486937,3464
9,revenging,1263954,2404
9,therefore,35777,1230
9,wonderful,83204,1162
9,according,5314,915
9,whirlwind,961874,1131
9,therefore,35486,1085
9,boatcanst,3776430,2798
9,snatching,5908542,16754
9,substance,11248,1146
9,trademark,9093739,6462
9,machabeus,3392444,5208
9,misprized,6406935,4593
9,cleopatra,1388974,2656
9,commotion,2064437,2425
9,presented,39906,1168
9,according,5660,897
9,engenders,20542174,10573
9,doubtless,4745599,2838
9,redundant,6675142,2792
9,adjusting,9974013,3523
9,blessings,25618,1360
9,wayeither,3773623,4076
9,integrity,402928,2329
9,religious,3644,1051
9,according,5801,810
9,centuries,2342,806
9,cymbeline,5455461,4805
9,lodgegate,6695038,3755
9,inclusive,7324708,3318
9,important,5993612,2744
9,restraind,9002102,2935
9,maddening,4475798,3356
9,captivity,422156,1900
9,sprouting,7384369,2718
9,benignity,2843400,2241
9,parsonage,3701050,1882
9,yesterday,71092,1162
9,daughters,22538,1066
9,functions,338380,1074
9,preacheth,1461733,1393
9,amputated,7847938,2947
9,exceeding,36365,1174
9,miserable,543494,1513
9,lightsome,1837132,1494
9,definable,7018239,4409
9,glendower,5764987,2526
9,strangers,65996,1140
9,macedonia,1607909,1816
9,corrupted,18427,1036
9,nephussim,2142073,1291
9,liability,4260024,2972
9,contemned,200755,1343
9,salvation,253003,1750
9,wondering,101620,1395
9,inhabited,524589,1300
9,enobarbus,15791859,3553
9,ornaments,416178,1338
9,certainly,90083,1243
9,exhausted,9110923,2419
9,generally,2538,921
9,continual,197321,1099
9,therefore,32930,1149
9,certainly,101407,1174
9,everybody,4519858,1937
9,knowledge,5267,922
9,vestments,150529,1070
9,NZCyr6Kz5,5643058,2626
9,D9zO6txlJ,5127234,1939
9,syTcaBhMI,14466717,16278
9,mxGKHXopw,9496754,3036
9,61M98f4T1,6667643,3533
9,4YpM0F6bh,5700957,2462
9,uED8uzm4X,10002263,2958
9,c7xJdgmNW,9072119,3127
9,WzSUyfen0,6186398,3392
9,L6n6UZyo5,6529439,2721
9,9ALaRyzA9,6064012,15261
9,P1ccFi8Wi,5478230,2418
9,FWLDRZZjH,5503863,3860
9,6Qk9AEyzz,5401723,2333
9,WO3QTkdf8,5354311,2402
9,1UYecUDf8,5693827,2136
9,cmOyyMH9H,8867017,2707
9,ckNPLCRiq,10239187,2874
9,cY3oFCE4u,9004832,3062
9,7lKgv3Tik,5974370,2778
10,ophimachus,523024,1694
10,sojourners,522876,1337
10,dreariness,7010424,3598
10,tabernacle,413621,2169
10,discerning,5379536,4134
10,rebounding,3545226,3412
10,tabernacle,372827,2042
10,crownpiece,4478184,3244
10,howeverits,11734201,3743
10,themselves,24858,1549
10,miniatures,4777985,3123
10,sacrificed,385222,1803
10,sidepocket,6153782,3631
10,monomaniac,4131977,2691
10,neighbours,358249,1522
10,gloucester,5904915,13711
10,ordinances,346999,1364
10,insistence,7862271,2153
10,impatience,1440975,1469
10,unleavened,43560,1205
10,profitably,3279662,2611
10,reputation,4905004,2102
10,confounded,29916,1200
10,punishable,4567017,1996
10,newsletter,6072805,2271
10,scandalize,2779384,1957
10,overthrown,62496,1176
10,overcometh,1890030,1373
10,adroitness,9765650,4738
10,ceremonies,66967,1420
10,provincial,3901475,2492
10,mightiness,7717495,3712
10,admonishes,3989643,3076
10,abdemelech,4336507,2223
10,particular,22480,1186
10,understand,5828,913
10,iniquities,60644,1012
10,admiration,2640251,1597
10,compromise,3998517,3811
10,attendants,11281278,2612
10,persecuted,433544,1762
10,gentleness,3602419,2795
10,antipholus,12285684,2265
10,sanctified,11842,1136
10,overthrown,60176,1068
10,confidence,554195,1708
10,vigorously,585536,1394
10,understand,5631,882
10,revelation,1308362,1312
10,anatomical,8432873,2428
10,motherless,6442161,6486
10,themselves,45023,1870
10,afterwards,82239,1602
10,headstrong,5714984,6075
10,understand,7440,1312
10,holocausts,50282,1165
10,feebleness,3228391,23891
10,perfection,221827,2352
10,resolution,1140343,1984
10,derogation,10273908,5915
10,electronic,8946,1659
10,themselves,28722,1534
10,cadesbarne,587622,2824
10,depression,7375375,3964
10,whaleballs,4585136,3355
10,opposition,1334512,2620
10,confusedly,5428093,4208
10,vocabulary,3239437,3303
10,understand,22864,1217
10,hailstones,1317667,2293
10,resolution,929154,2472
10,disloyalty,518607,1302
10,engravings,2622937,1583
10,celebrated,244016,1277
10,henceforth,54458,1204
10,concession,5112865,2554
10,sacrificed,327807,1296
10,henceforth,55023,1147
10,astonished,156887,1214
10,appointeth,822408,1337
10,v3GT0GyIbM,6714218,2523
10,fkxe29ilwX,8537783,2781
10,zQ15v2QJXf,5591688,2270
10,a3v4T9Sk5O,17168655,2745
10,lfdDWp42w6,12941856,4169
10,O1YJ79zpr9,6172772,2946
10,32vKtoSeck,6077511,22558
10,cn7qWDGPkN,8419379,3026
10,YkTmqkZ29z,5377679,2325
10,PizGQhjcNv,5455606,2307
10,05Urc2O5Kv,5814509,2219
10,7mIxnppe58,5581534,2206
10,tLmT4yUM38,21241972,6686
10,eLXAyHJBKY,24316479,5663
10,KkzT4vEgnG,5550702,3156
10,uu7jSOWoem,9654080,2780
10,0GTTKAJdyV,5245584,2571
10,WJcBnMn285,5357895,2452
10,dI8o6BqiBa,12105493,4459
10,8o6a2wTRyl,6022297,3530
5,ghost,567574,11224
5,which,609,2828
5,sheep,138356,2579
5,spoke,42616,2316
5,their,33293,5371
5,massa,171948,2571
5,shall,33371,2325
5,shall,32791,1934
5,after,20087,1766
5,ocean,3630722,4784
5,which,443,1085
5,being,7337,956
5,great,6311,738
5,midst,4721,735
5,march,180938,1672
5,odour,602598,1271
5,comes,1400,941
5,earth,12337,778
5,about,90226,932
5,whale,6078,898
5,often,4024,735
5,there,269,832
5,shall,17971,818
5,light,7403,722
5,large,40036,884
5,times,65625,1106
5,queen,727041,1658
5,glory,135698,1553
5,there,283,935
5,cross,114433,1099
5,moved,4632,805
5,shall,17913,880
5,build,18080,752
5,first,753,704
5,spoke,22687,1387
5,which,135,792
5,about,135078,1136
5,women,41091,922
5,realm,2511584,4340
5,fancy,143154,1700
5,bring,4908,934
5,above,8573,794
5,tower,71008,904
5,again,27212,849
5,words,1810,755
5,house,41493,763
5,henry,8461008,2818
5,mercy,50512,1247
5,teach,312961,1013
5,serve,13056,986
5,eglon,1452328,1046
5,wound,13149,884
5,death,4404,776
5,jakeh,1059647,1263
5,their,16076,795
5,house,38045,766
5,young,21784,766
5,first,605,685
5,aloft,7194145,4780
5,feast,47237,13248
5,began,1214,3450
5,forth,4952,792
5,would,5399,571
5,spoke,17635,633
5,heels,308425,926
5,tribe,129654,943
5,earth,9436,789
5,great,4863,587
5,these,4651,662
5,south,46946,688
5,their,15527,734
5,house,38070,763
5,shall,13934,682
5,raise,45852,680
5,women,31239,740
5,enemy,485785,974
5,among,21664,1024
5,began,1277,2288
5,jacob,117291,2140
5,other,881,1153
5,SK2Hb,6288591,3636
5,2sh44,6256887,3349
5,3Gbd6,5897121,3453
5,ULSAU,6082571,4135
5,wX8ay,10161452,3399
5,LfBem,6484421,5305
5,hzki1,19296092,6154
5,pXmjI,8415062,4731
5,nFEyD,16897575,6276
5,TJjPX,6996953,4484
5,cernF,9496362,5157
5,5jIlX,6038167,4401
5,ydHY8,9381683,18947
5,bVsYJ,8618490,4986
5,OtmQw,6288934,5362
5,17npN,6392064,3634
5,dSXkK,14909799,6285
5,7sE9h,7002829,5566
5,yC8I0,12502999,6723
5,KCEz2,7604884,6702
6,mother,10880,1192
6,regard,4563,820
6,little,26144,832
6,people,13747,757
6,behold,6616,673
6,placed,8058,665
6,steady,3091615,2939
6,pequod,3424634,3565
6,craved,1622805,3038
6,rather,37301,1084
6,mortar,30931,982
6,prince,28431,891
6,people,13619,868
6,wrongs,1850154,4988
6,heaven,7772,994
6,feared,74396,1042
6,things,10514,852
6,seemed,82182,935
6,ground,8495,788
6,looked,30247,792
6,months,116100,996
6,nicely,5234265,2044
6,before,732,896
6,armour,1410980,1413
6,things,10190,1060
6,misery,123342,1053
6,mighty,17605,858
6,horror,26596,873
6,colder,4017165,3093
6,hearer,253089,1196
6,placed,8072,929
6,follow,11754,679
6,throat,693726,1170
6,longer,145742,1111
6,regard,4214,786
6,nation,24939,903
6,wraths,3119037,2106
6,hamlet,7930582,3406
6,wounds,1306398,2922
6,fought,298617,1534
6,prince,35888,1329
6,unless,173942,3135
6,little,53362,2307
6,places,148606,1646
6,shaken,2003862,3372
6,machir,207999,1634
6,before,765,993
6,speedy,3453357,5245
6,throat,805134,2227
6,number,3981,930
6,though,4809,841
6,people,14605,737
6,coming,13397,847
6,needle,6416968,7129
6,object,258635,1718
6,spirit,8478,1011
6,friend,79861,1115
6,either,82503,1082
6,shadow,86751,1091
6,amalec,91931,1115
6,pitied,748841,1483
6,dinner,2144678,1740
6,saying,10231,916
6,pharao,28695,857
6,deadly,580385,1070
6,father,10489,886
6,things,10092,917
6,hebrew,1266,677
6,convoy,6317328,3427
6,denied,80054,1341
6,israel,49335,1041
6,hebrew,1439,858
6,except,115383,938
6,attire,550386,1713
6,elders,441819,1253
6,fought,219590,1205
6,letter,208992,1153
6,master,69121,1085
6,people,14495,928
6,tokens,1249899,1271
6,Svrk6s,5639646,2456
6,N81DWR,5612655,2101
6,k4bFmC,8132586,6338
6,Hc0YnR,6055075,2760
6,pnYpsk,8025730,3179
6,9sedgy,5756388,2535
6,MMYp2H,5764291,2896
6,vF07j5,7131059,2893
6,DeQBum,5963429,3143
6,txZSwS,20388522,6701
6,Oenj4Z,5468251,2806
6,jmQrEs,5912659,2777
6,s5q2TB,14376028,3198
6,NVPDr7,6220779,4177
6,dtt3gf,12258036,4879
6,36qaqt,6019413,3113
6,zKCc1p,5755076,2911
6,s0uaXI,14707430,3071
6,iqRoFW,14816736,3598
6,qvIDIT,5720391,3009
7,destroy,30189,1005
7,project,90,836
7,rebuked,137724,1476
7,empires,6601080,2741
7,showing,6315203,3669
7,trouble,203629,1392
7,husband,16510,998
7,fashion,198012,1315
7,purpose,1847,754
7,manners,1959918,2101
7,parable,336325,1141
7,answerd,12504938,4071
7,natural,187441,1320
7,returnd,9951860,2917
7,because,6942,1093
7,present,11289,803
7,against,25108,876
7,through,2920,827
7,offered,23581,767
7,prophet,40942,951
7,another,59889,1335
7,levites,399997,1228
7,soldier,99998,1133
7,prevent,302554,1234
7,changes,877403,1070
7,kingdom,19186,986
7,whether,39896,876
7,himself,15117,940
7,comrade,589096,902
7,deliver,36550,861
7,because,19552,806
7,putting,52066,877
7,company,31367,882
7,hundred,23674,802
7,stopped,97662,854
7,present,10889,750
7,replied,5334909,3816
7,messala,7437411,2758
7,strange,57351,1088
7,servant,34971,891
7,expense,579776,2174
7,meaning,16099,1097
7,without,20556,1177
7,plaster,275144,1338
7,deliver,52116,1013
7,subject,14792,869
7,against,24142,763
7,outward,923251,1138
7,fearful,470897,1217
7,remnant,375311,1041
7,princes,24275,994
7,opinion,23410,822
7,austria,7306634,2916
7,support,206546,1200
7,manners,1828116,1851
7,reigned,144234,1060
7,kinsmen,419604,1203
7,iceland,5736083,3453
7,demands,5111750,2432
7,nations,46404,1035
7,heareth,1144861,1822
7,quarrel,20106,1015
7,violent,13505,983
7,sincere,72750,941
7,between,3970,791
7,learned,44377,965
7,residue,3056711,2729
7,thither,113825,1051
7,counsel,60068,961
7,receive,19212,906
7,country,481,790
7,raising,124616,913
7,lifting,37479,934
7,deliver,35205,845
7,further,449924,1204
7,command,6892,901
7,enlarge,70959,935
7,priests,95356,982
7,informd,9859568,3818
7,instant,3369736,2513
7,phvh0tI,7856945,4408
7,jeUhVRX,7945010,6189
7,WTi627m,6699222,5956
7,8WcInh0,6770630,4271
7,4LDEJNi,6231769,4006
7,gFsVB9h,8523736,3485
7,qCGV3b4,5727856,3346
7,75xFvop,5856887,3491
7,UkzuAyz,5614597,3023
7,eehCGGd,23858436,3928
7,PIksSgu,6099460,3794
7,M9oDmMD,6631590,3715
7,slYFNUj,16395024,5395
7,BDGLn4F,6251586,3333
7,bU7BawB,7901275,3814
7,PWkj1n2,5462063,3476
7,pSHBJFX,7553241,3122
7,k8hRYAw,6650136,3075
7,yLb7XDU,8390511,3126
7,dpynOUZ,11964829,3498
8,prepared,1762,997
8,together,9979,931
8,polonius,5694880,4320
8,vexation,1427567,2902
8,gathered,5236,909
8,together,10295,804
8,thinking,173101,1174
8,finished,7938,982
8,queerest,2216374,3622
8,delicacy,5373946,4165
8,gossamer,4923053,3611
8,children,12454,1158
8,appetite,3256605,2328
8,thirteen,100705,1305
8,publicly,924625,2452
8,rosalind,9850022,5401
8,rosalind,10492199,6649
8,precious,193353,2228
8,children,12816,1174
8,defiance,7134028,4961
8,tomorrow,193777,1424
8,children,11878,1148
8,jealousy,237350,1518
8,thoughts,1104022,1552
8,benjamin,92918,1277
8,memorial,70733,1538
8,anything,1826724,1559
8,pointing,109405,1270
8,brethren,22583,1104
8,margaret,7996420,4357
8,canstick,6930884,2830
8,servants,44489,1244
8,swinging,5961776,3158
8,revolted,59533,1198
8,contents,2920,962
8,business,114739,1458
8,laughing,34483,1813
8,rewarded,318271,1204
8,pleasant,7459,947
8,begotten,50124,1017
8,diligent,822,797
8,intimacy,7122137,2901
8,tashtego,10537567,6394
8,rosamond,7821960,3772
8,montague,7886997,4266
8,chopping,3944062,3271
8,altering,8202980,3258
8,rosamond,6806540,2882
8,levelled,4562239,2996
8,judgment,17187,1011
8,secretly,67792,1008
8,betrayed,1355269,2223
8,children,10960,920
8,slippers,7065015,4284
8,nobility,2936561,2414
8,idolatry,169752,1530
8,regarded,3900,897
8,counsels,174380,1092
8,religion,26942,986
8,treasure,250568,1187
8,sweeping,6420995,3879
8,entirely,3733363,2154
8,occupied,3704590,3416
8,occurred,6829123,3263
8,bringeth,38979,1306
8,pleasure,7937,1069
8,justices,318299,1574
8,terrible,177396,1313
8,jonathan,544608,1309
8,response,6246374,3434
8,supports,5732029,2934
8,blessing,6341,1163
8,deceived,16186,924
8,thinkest,103175,1049
8,mediator,451191,1586
8,newdated,10699143,3300
8,conceits,1662435,1879
8,iniquity,22372,985
8,saidclam,5495394,3512
8,armourer,11060164,2968
8,5urLv6iw,5324663,2323
8,xCud99ut,5463963,2651
8,m3vj2ZgT,9330322,3318
8,1fORYrpe,5931781,3149
8,hNOkuOzh,17629399,12504
8,TbRoGbss,6204716,3538
8,JelTwc5j,5433385,2696
8,AkTbJWRJ,5575050,2812
8,m2v3gnVR,9151554,2696
8,FHefQn0k,5507765,3554
8,QybpNaNe,5687605,2944
8,xtvOVYrF,5871692,2553
8,37dEjsM0,5813214,2954
8,wGMGYJCD,8746778,2601
8,qd1dlGUr,5689394,3230
8,5AuFlMt5,6206784,3132
8,sIRjn5Fv,16227099,4483
8,ySCM2x7O,9291775,4240
8,F5eV92dF,5656731,3755
8,ykzdsQYe,8648674,3597
9,committed,92887,1496
9,commanded,8990,1000
9,posthumus,5275946,2765
9,purposing,2355535,2323
9,antiochus,3679759,1804
9,provision,16657,1104
9,according,5308,934
9,coatcuffs,5788214,5015
9,agatering,12941483,5774
9,struggles,8946933,7409
9,therefore,40902,1506
9,sometimes,40272,1235
9,companion,11888,1052
9,maintaind,9288238,6233
9,revenging,1571744,3465
9,therefore,38757,1359
9,wonderful,62543,1469
9,according,5751,945
9,whirlwind,1134808,3382
9,therefore,37636,1182
9,boatcanst,4396101,13037
9,snatching,7119502,6441
9,substance,12959,1292
9,trademark,9008062,5909
9,machabeus,3130292,4023
9,misprized,6190891,4831
9,cleopatra,1376222,3520
9,commotion,2383274,13456
9,presented,46411,1752
9,according,6505,1079
9,engenders,19135075,5477
9,doubtless,9361761,3282
9,redundant,6835965,3079
9,adjusting,8119499,2640
9,blessings,23074,1191
9,wayeither,3608649,3292
9,integrity,452539,1696
9,religious,3734,1088
9,according,6423,968
9,centuries,2490,864
9,cymbeline,6233019,3827
9,lodgegate,7144589,2980
9,inclusive,8439934,17526
9,important,6331127,3958
9,restraind,9222356,3227
9,maddening,4676490,5296
9,captivity,572041,2454
9,sprouting,9529239,6854
9,benignity,3921459,5372
9,parsonage,4835876,4802
9,yesterday,79816,1461
9,daughters,25977,1134
9,functions,414490,1860
9,preacheth,1898844,2917
9,amputated,8879471,3010
9,exceeding,37367,1208
9,miserable,614404,1598
9,lightsome,2076179,2246
9,definable,7325019,3589
9,glendower,6112675,3497
9,strangers,69331,1259
9,macedonia,1614874,2155
9,corrupted,19776,1161
9,nephussim,2401095,1472
9,liability,4673945,3283
9,contemned,191096,1246
9,salvation,339287,1927
9,wondering,81967,1225
9,inhabited,500305,1176
9,enobarbus,15228180,3606
9,ornaments,522894,1466
9,certainly,92117,1234
9,exhausted,9273850,3048
9,generally,2572,949
9,continual,197192,7822
9,therefore,32534,1242
9,certainly,90656,1097
9,everybody,4767213,2284
9,knowledge,5202,979
9,vestments,152646,990
9,NZCyr6Kz5,5227927,2642
9,D9zO6txlJ,5267701,2728
9,syTcaBhMI,13903389,2487
9,mxGKHXopw,9635313,3216
9,61M98f4T1,5650490,2649
9,4YpM0F6bh,6052736,2734
9,uED8uzm4X,9743181,2690
9,c7xJdgmNW,8551776,7886
9,WzSUyfen0,5713524,2726
9,L6n6UZyo5,5637953,2383
9,9ALaRyzA9,5726748,2653
9,P1ccFi8Wi,5628010,2828
9,FWLDRZZjH,5760369,2381
9,6Qk9AEyzz,5878787,2998
9,WO3QTkdf8,6024064,2486
9,1UYecUDf8,6338452,2770
9,cmOyyMH9H,9401048,3212
9,ckNPLCRiq,9686330,5895
9,cY3oFCE4u,10463992,5653
9,7lKgv3Tik,6628828,4300
10,ophimachus,600253,2261
10,sojourners,604695,1553
10,dreariness,7122087,4884
10,tabernacle,302771,46667
10,discerning,6586354,32002
10,rebounding,3978187,22038
10,tabernacle,325191,2143
10,crownpiece,4550506,5100
10,howeverits,11261459,5718
10,themselves,21671,1316
10,miniatures,4271201,4087
10,sacrificed,346134,1931
10,sidepocket,6115104,3251
10,monomaniac,3976695,2819
10,neighbours,340468,1368
10,gloucester,5868964,3124
10,ordinances,341096,1213
10,insistence,8034765,3142
10,impatience,1570254,1493
10,unleavened,45195,1136
10,profitably,3127914,2708
10,reputation,4984407,2924
10,confounded,29644,1153
10,punishable,4323345,1956
10,newsletter,6132180,2410
10,scandalize,2762238,1917
10,overthrown,61081,1213
10,overcometh,2140028,1856
10,adroitness,9282489,3988
10,ceremonies,61484,1188
10,provincial,3295788,2741
10,mightiness,6439579,2774
10,admonishes,3417000,2097
10,abdemelech,4311978,2808
10,particular,22406,1144
10,understand,5833,933
10,iniquities,60165,956
10,admiration,2672232,1484
10,compromise,4007465,2808
10,attendants,11417495,2540
10,persecuted,429954,1495
10,gentleness,3598494,2786
10,antipholus,12880003,2847
10,sanctified,12434,1070
10,overthrown,62113,996
10,confidence,567073,1443
10,vigorously,496189,1507
10,understand,5783,898
10,revelation,1638019,1549
10,anatomical,8031800,2447
10,motherless,5391902,2369
10,themselves,19093,1129
10,afterwards,57320,991
10,headstrong,4417160,2115
10,understand,6714,939
10,holocausts,43916,896
10,feebleness,2260239,2384
10,perfection,182709,1333
10,resolution,858148,1219
10,derogation,8068817,2220
10,electronic,5856,984
10,themselves,18912,942
10,cadesbarne,522708,1298
10,depression,5536931,2172
10,whaleballs,3741248,2133
10,opposition,1217412,1401
10,confusedly,4892236,3537
10,vocabulary,3271295,2552
10,understand,7607,1115
10,hailstones,1379687,2051
10,resolution,1099740,2058
10,disloyalty,602347,1464
10,engravings,2612114,1471
10,celebrated,244899,1330
10,henceforth,59059,1223
10,concession,5358826,3726
10,sacrificed,417558,1576
10,henceforth,94006,1825
10,astonished,202527,1344
10,appointeth,817732,58408
10,v3GT0GyIbM,9934315,5511
10,fkxe29ilwX,11887287,21353
10,zQ15v2QJXf,5862227,21078
10,a3v4T9Sk5O,17789437,13306
10,lfdDWp42w6,13408533,3080
10,O1YJ79zpr9,6169444,3605
10,32vKtoSeck,7861461,4178
10,cn7qWDGPkN,10320480,2732
10,YkTmqkZ29z,6539398,2695
10,PizGQhjcNv,5869741,1804
10,05Urc2O5Kv,5955120,1462
10,7mIxnppe58,5769046,1838
10,tLmT4yUM38,18958274,2255
10,eLXAyHJBKY,23014337,3729
10,KkzT4vEgnG,6502966,2797
10,uu7jSOWoem,10492948,2721
10,0GTTKAJdyV,5618159,1480
10,WJcBnMn285,5616035,1475
10,dI8o6BqiBa,11587996,1930
10,8o6a2wTRyl,5659551,1595
5,ghost,358585,5869
5,which,379,975
5,sheep,91903,769
5,spoke,27168,623
5,their,24384,725
5,massa,100829,729
5,shall,21245,661
5,shall,32694,601
5,after,12487,565
5,ocean,3564564,2408
5,which,343,643
5,being,6964,868
5,great,6752,371
5,midst,5029,369
5,march,193585,863
5,odour,715549,867
5,comes,1438,576
5,earth,13293,400
5,about,122495,766
5,whale,7911,476
5,often,5312,451
5,there,337,611
5,shall,23493,715
5,light,9729,450
5,large,51842,653
5,times,85033,744
5,queen,741426,1048
5,glory,144789,834
5,there,265,508
5,cross,122907,731
5,moved,5511,402
5,shall,18944,5513
5,build,19258,636
5,first,837,386
5,spoke,23720,528
5,which,149,391
5,about,113878,662
5,women,47378,583
5,realm,2588583,1210
5,fancy,170750,1062
5,bring,25555,696
5,above,12710,479
5,tower,122041,894
5,again,32883,569
5,words,2275,384
5,house,50614,905
5,henry,9478177,2535
5,mercy,54823,639
5,teach,340573,736
5,serve,14377,610
5,eglon,1591516,942
5,wound,14757,599
5,death,4921,375
5,jakeh,1298298,2187
5,their,17778,5855
5,house,58564,636
5,young,25529,480
5,first,744,325
5,aloft,8244058,3119
5,feast,53884,655
5,began,1452,418
5,forth,5528,316
5,would,6194,312
5,spoke,20261,460
5,heels,413513,802
5,tribe,148941,642
5,earth,10772,551
5,great,5634,362
5,these,5332,683
5,south,53486,448
5,their,17630,523
5,house,43673,456
5,shall,15847,459
5,raise,52846,438
5,women,35877,431
5,enemy,548866,746
5,among,25091,564
5,began,1456,378
5,jacob,48405,469
5,other,542,312
5,SK2Hb,6631124,3199
5,2sh44,7268512,2929
5,3Gbd6,7132261,2947
5,ULSAU,6916393,2872
5,wX8ay,10543713,4060
5,LfBem,7401555,3935
5,hzki1,18447637,3639
5,pXmjI,8216305,1894
5,nFEyD,15587527,2229
5,TJjPX,5879852,1634
5,cernF,9106357,1580
5,5jIlX,6157497,2452
5,ydHY8,9307292,2049
5,bVsYJ,8540273,2834
5,OtmQw,5629256,1874
5,17npN,5904890,1513
5,dSXkK,12044874,1776
5,7sE9h,6000748,16114
5,yC8I0,12894038,4458
5,KCEz2,7584788,6842
6,mother,58038,1552
6,regard,7682,1153
6,little,48373,914
6,people,37640,586
6,behold,8707,442
6,placed,10441,416
6,steady,3525145,29259
6,pequod,3396778,2426
6,craved,1836112,1754
6,rather,29082,882
6,mortar,31238,570
6,prince,28432,490
6,people,13656,370
6,wrongs,1653313,1530
6,heaven,7734,447
6,feared,74875,519
6,things,10456,397
6,seemed,81534,479
6,ground,8641,325
6,looked,30531,573
6,months,116379,528
6,nicely,5470474,2668
6,before,765,539
6,armour,1729737,1265
6,things,10750,593
6,misery,132034,691
6,mighty,18707,553
6,horror,28144,544
6,colder,4110740,2065
6,hearer,264582,739
6,placed,8158,447
6,follow,12198,479
6,throat,793515,1477
6,longer,207554,863
6,regard,4231,480
6,nation,24529,511
6,wraths,3363524,2096
6,hamlet,8989483,3101
6,wounds,1072626,1180
6,fought,220427,802
6,prince,29373,580
6,unless,81518,691
6,little,26226,483
6,places,48799,502
6,shaken,1508382,843
6,machir,169747,756
6,before,572,441
6,speedy,4046353,4422
6,throat,877774,1310
6,number,4463,579
6,though,5197,489
6,people,15771,395
6,coming,14308,518
6,needle,6003738,2626
6,object,208549,761
6,spirit,7998,466
6,friend,74309,579
6,either,75972,690
6,shadow,80698,566
6,amalec,85012,587
6,pitied,843210,1025
6,dinner,2073509,1228
6,saying,11079,439
6,pharao,29153,515
6,deadly,605614,925
6,father,10680,404
6,things,9921,475
6,hebrew,1258,304
6,convoy,6061230,2978
6,denied,73723,713
6,israel,45074,576
6,hebrew,1368,343
6,except,105007,447
6,attire,513101,725
6,elders,390123,630
6,fought,194628,638
6,letter,185374,496
6,master,67289,550
6,people,12984,558
6,tokens,1172005,683
6,Svrk6s,5681490,1547
6,N81DWR,11438061,3569
6,k4bFmC,8125159,3474
6,Hc0YnR,5728434,1799
6,pnYpsk,7862621,1750
6,9sedgy,5829844,1962
6,MMYp2H,5583353,1618
6,vF07j5,7310193,2735
6,DeQBum,5605365,2123
6,txZSwS,24611967,4855
6,Oenj4Z,6413185,20178
6,jmQrEs,6368089,2095
6,s5q2TB,15479635,2315
6,NVPDr7,6236166,2294
6,dtt3gf,12031711,1793
6,36qaqt,5858728,1983
6,zKCc1p,5860481,1670
6,s0uaXI,15680953,3058
6,iqRoFW,16702974,2614
6,qvIDIT,6030073,2778
7,destroy,31955,644
7,project,90,527
7,rebuked,146225,669
7,empires,6757540,2296
7,showing,6128455,2092
7,trouble,187362,792
7,husband,16680,554
7,fashion,196990,620
7,purpose,1852,436
7,manners,1869567,928
7,parable,421845,859
7,answerd,11839809,1782
7,natural,185832,986
7,returnd,9148018,1349
7,because,6911,599
7,present,11185,395
7,against,25032,507
7,through,2939,377
7,offered,23593,424
7,prophet,21564,505
7,another,33439,422
7,levites,297283,577
7,soldier,99934,520
7,prevent,245654,526
7,changes,914797,806
7,kingdom,21949,543
7,whether,46482,521
7,himself,17671,516
7,comrade,676343,699
7,deliver,42698,549
7,because,7443,411
7,putting,67692,505
7,company,54533,569
7,hundred,28816,528
7,stopped,131101,561
7,present,11116,362
7,replied,5439988,2015
7,messala,7445470,1386
7,strange,59326,622
7,servant,35912,523
7,expense,501831,704
7,meaning,1752,439
7,without,16616,527
7,plaster,234212,596
7,deliver,36485,480
7,subject,15177,478
7,against,25017,476
7,outward,810889,657
7,fearful,482951,632
7,remnant,384854,629
7,princes,24779,548
7,opinion,24090,477
7,austria,7146365,1184
7,support,200972,681
7,manners,1980458,1277
7,reigned,142696,651
7,kinsmen,267024,628
7,iceland,6182051,2693
7,demands,5945751,2059
7,nations,55714,776
7,heareth,1140442,1145
7,quarrel,23020,690
7,violent,15372,431
7,sincere,83479,610
7,between,4548,395
7,learned,36238,560
7,residue,3573444,1989
7,thither,130819,735
7,counsel,69093,662
7,receive,22070,640
7,country,552,389
7,raising,142175,569
7,lifting,42889,540
7,deliver,40419,538
7,further,518970,688
7,command,7808,410
7,enlarge,81081,545
7,priests,109188,644
7,informd,11773592,3401
7,instant,3784329,2170
7,phvh0tI,7902400,1840
7,jeUhVRX,6043474,1852
7,WTi627m,5510564,1341
7,8WcInh0,5950708,1760
7,4LDEJNi,6197359,1725
7,gFsVB9h,10040383,3663
7,qCGV3b4,6004478,1968
7,75xFvop,5976875,1684
7,UkzuAyz,5801661,1543
7,eehCGGd,23946683,1912
7,PIksSgu,5541918,1779
7,M9oDmMD,5646570,2158
7,slYFNUj,14396364,2031
7,BDGLn4F,5547609,1775
7,bU7BawB,7806697,1749
7,PWkj1n2,5612891,1819
7,pSHBJFX,7769834,1670
7,k8hRYAw,6641906,1661
7,yLb7XDU,8409424,1581
7,dpynOUZ,11644779,1716
8,prepared,1652,523
8,together,10227,467
8,polonius,5342280,1765
8,vexation,1350095,1412
8,gathered,5247,440
8,together,10222,490
8,thinking,174853,7533
8,finished,8515,519
8,queerest,2299106,2495
8,delicacy,5284991,2230
8,gossamer,4440766,1647
8,children,11683,500
8,appetite,2947241,1200
8,thirteen,92098,684
8,publicly,949051,845
8,rosalind,8669287,2027
8,rosalind,8648754,1593
8,precious,178724,1021
8,children,11182,542
8,defiance,6032237,1553
8,tomorrow,172340,664
8,children,10784,612
8,jealousy,215919,622
8,thoughts,985820,735
8,benjamin,85503,664
8,memorial,47614,637
8,anything,1638349,769
8,pointing,99161,647
8,brethren,20885,574
8,margaret,6749393,2038
8,canstick,6139076,1685
8,servants,41230,615
8,swinging,5535844,1555
8,revolted,57440,640
8,contents,2571,437
8,business,94142,768
8,laughing,31302,552
8,rewarded,222306,635
8,pleasant,7265,452
8,begotten,48949,505
8,diligent,800,409
8,intimacy,6976359,1262
8,tashtego,9517183,4086
8,rosamond,7053715,2493
8,montague,7980384,2703
8,chopping,4152477,1912
8,altering,8025046,1973
8,rosamond,8058023,2239
8,levelled,5831673,2865
8,judgment,17492,538
8,secretly,71989,550
8,betrayed,1615916,1072
8,children,11754,547
8,slippers,8757724,4457
8,nobility,3998925,3436
8,idolatry,155969,974
8,regarded,4158,542
8,counsels,189651,683
8,religion,29135,626
8,treasure,258890,733
8,sweeping,6295519,2781
8,entirely,3469431,1441
8,occupied,3593891,1559
8,occurred,6577595,1805
8,bringeth,36669,643
8,pleasure,7277,489
8,justices,397085,967
8,terrible,165098,653
8,jonathan,603782,754
8,response,5959513,1452
8,supports,5396442,1765
8,blessing,6338,505
8,deceived,16525,569
8,thinkest,124259,796
8,mediator,694645,772
8,newdated,12149935,3157
8,conceits,1956302,1302
8,iniquity,26239,605
8,saidclam,6837253,2941
8,armourer,12786136,3529
8,5urLv6iw,5785207,2032
8,xCud99ut,5612609,1783
8,m3vj2ZgT,9369684,1615
8,1fORYrpe,6094030,2153
8,hNOkuOzh,16062051,16436
8,TbRoGbss,5552145,5840
8,JelTwc5j,5671584,2157
8,AkTbJWRJ,5678775,2125
8,m2v3gnVR,9440779,2097
8,FHefQn0k,5649518,2196
8,QybpNaNe,5767781,1769
8,xtvOVYrF,6179465,1527
8,37dEjsM0,5858977,1785
8,wGMGYJCD,9064012,1737
8,qd1dlGUr,5614424,1593
8,5AuFlMt5,6716576,6314
8,sIRjn5Fv,17565846,4978
8,ySCM2x7O,8838412,2190
8,F5eV92dF,5759525,2265
8,ykzdsQYe,8702951,2162
9,committed,95872,873
9,commanded,9128,519
9,posthumus,5350760,1976
9,purposing,2460006,1486
9,antiochus,3763431,1639
9,provision,17246,641
9,according,5426,383
9,coatcuffs,6317390,4284
9,agatering,14925772,4955
9,struggles,7350274,2198
9,therefore,37412,742
9,sometimes,36723,537
9,companion,10959,520
9,maintaind,7386682,1984
9,revenging,1306988,1145
9,therefore,36310,733
9,wonderful,58405,579
9,according,5315,361
9,whirlwind,964749,602
9,therefore,35342,649
9,boatcanst,4040709,2439
9,snatching,5937245,1517
9,substance,10715,471
9,trademark,8386991,1948
9,machabeus,2814306,1539
9,misprized,5465073,1529
9,cleopatra,1184753,998
9,commotion,1968563,1242
9,presented,35792,574
9,according,5012,349
9,engenders,17820918,1618
9,doubtless,4075430,1655
9,redundant,6190307,1790
9,adjusting,8489545,1731
9,blessings,27714,796
9,wayeither,3981333,1706
9,integrity,625906,1965
9,religious,4903,809
9,according,8620,548
9,centuries,3342,512
9,cymbeline,6921728,3996
9,lodgegate,7515165,3957
9,inclusive,8890624,4286
9,important,6262418,2472
9,restraind,10115903,3544
9,maddening,4483130,1906
9,captivity,417314,1054
9,sprouting,8740960,22820
9,benignity,3260286,2449
9,parsonage,3876377,2100
9,yesterday,74177,771
9,daughters,23603,540
9,functions,410105,1157
9,preacheth,1571714,1627
9,amputated,8152987,2505
9,exceeding,35247,635
9,miserable,534218,1080
9,lightsome,1909619,1285
9,definable,6744532,3497
9,glendower,10904074,137544
9,strangers,91791,1088
9,macedonia,3140266,1831
9,corrupted,21844,680
9,nephussim,2594890,1623
9,liability,5033957,3353
9,contemned,202087,1143
9,salvation,295885,742
9,wondering,68816,615
9,inhabited,529542,674
9,enobarbus,15411716,2533
9,ornaments,491288,875
9,certainly,106145,636
9,exhausted,9092493,1623
9,generally,2473,427
9,continual,217032,547
9,therefore,32717,690
9,certainly,88320,502
9,everybody,4726605,1367
9,knowledge,5210,444
9,vestments,150892,588
9,NZCyr6Kz5,5912797,2955
9,D9zO6txlJ,7036387,3028
9,syTcaBhMI,17083578,3959
9,mxGKHXopw,10881693,3919
9,61M98f4T1,6074481,2078
9,4YpM0F6bh,6314588,2070
9,uED8uzm4X,10105842,2827
9,c7xJdgmNW,8921608,1940
9,WzSUyfen0,5472954,2019
9,L6n6UZyo5,5435128,1499
9,9ALaRyzA9,5552015,1668
9,P1ccFi8Wi,5435846,1463
9,FWLDRZZjH,5355840,1974
9,6Qk9AEyzz,5489722,1860
9,WO3QTkdf8,5418799,1950
9,1UYecUDf8,6008978,1514
9,cmOyyMH9H,8642660,1681
9,ckNPLCRiq,9180212,2638
9,cY3oFCE4u,9328628,2573
9,7lKgv3Tik,5948360,2201
10,ophimachus,551733,14786
10,sojourners,570734,1240
10,dreariness,6636692,2350
10,tabernacle,282538,912
10,discerning,4506419,1629
10,rebounding,2726944,1368
10,tabernacle,279931,634
10,crownpiece,3517425,2096
10,howeverits,9592559,1711
10,themselves,18722,625
10,miniatures,3784904,1494
10,sacrificed,314280,725
10,sidepocket,5904429,1415
10,monomaniac,4103501,1952
10,neighbours,332180,668
10,gloucester,5835029,1847
10,ordinances,373182,1343
10,insistence,8747828,2046
10,impatience,1582409,1082
10,unleavened,47629,653
10,profitably,3834066,3558
10,reputation,5539476,2145
10,confounded,32900,797
10,punishable,4589628,2143
10,newsletter,6392961,2041
10,scandalize,2824672,1548
10,overthrown,61267,628
10,overcometh,1808099,977
10,adroitness,10184058,3862
10,ceremonies,62109,864
10,provincial,3250898,1455
10,mightiness,6723744,1662
10,admonishes,3405070,1387
10,abdemelech,4556287,1793
10,particular,24068,617
10,understand,6184,402
10,iniquities,64331,502
10,admiration,2864274,849
10,compromise,3977347,1798
10,attendants,13260638,3603
10,persecuted,714894,1720
10,gentleness,4172522,2739
10,antipholus,13137030,2424
10,sanctified,11880,555
10,overthrown,60129,480
10,confidence,556033,969
10,vigorously,486259,990
10,understand,5870,366
10,revelation,1416877,819
10,anatomical,7960208,1710
10,motherless,5139425,1337
10,themselves,19129,621
10,afterwards,55843,494
10,headstrong,4006380,1155
10,understand,6310,469
10,holocausts,43092,467
10,feebleness,2521825,4634
10,perfection,393280,1940
10,resolution,1417046,2093
10,derogation,8244486,1979
10,electronic,6119,507
10,themselves,19130,597
10,cadesbarne,399165,1348
10,depression,5401974,1471
10,whaleballs,3733366,1526
10,opposition,1431713,1248
10,confusedly,4592132,1937
10,vocabulary,2981615,1503
10,understand,6212,441
10,hailstones,1264432,969
10,resolution,1063069,816
10,disloyalty,637642,854
10,engravings,2707921,2804
10,celebrated,260568,869
10,henceforth,59457,669
10,concession,5665196,2029
10,sacrificed,366292,849
10,henceforth,61288,686
10,astonished,188502,696
10,appointeth,867186,773
10,v3GT0GyIbM,7531085,2276
10,fkxe29ilwX,9294813,2895
10,zQ15v2QJXf,5864945,2830
10,a3v4T9Sk5O,16815201,1594
10,lfdDWp42w6,10859234,1627
10,O1YJ79zpr9,5320832,1845
10,32vKtoSeck,6669685,2810
10,cn7qWDGPkN,9408859,1762
10,YkTmqkZ29z,6619957,2253
10,PizGQhjcNv,6332112,2166
10,05Urc2O5Kv,6244875,1809
10,7mIxnppe58,5789095,1550
10,tLmT4yUM38,18741904,1794
10,eLXAyHJBKY,24805980,5542
10,KkzT4vEgnG,7342957,3694
10,uu7jSOWoem,12435319,3093
10,0GTTKAJdyV,7193924,3431
10,WJcBnMn285,6550293,2291
10,dI8o6BqiBa,13158686,3127
10,8o6a2wTRyl,6266209,1761
5,ghost,325010,5645
5,which,413,889
5,sheep,86410,827
5,spoke,31827,906
5,their,27712,858
5,massa,133843,814
5,shall,23068,727
5,shall,20548,654
5,after,14680,635
5,ocean,4022051,2794
5,which,282,681
5,being,6927,686
5,great,6667,374
5,midst,5056,370
5,march,193367,798
5,odour,709145,2126
5,comes,1491,576
5,earth,13371,505
5,about,97333,562
5,whale,6555,408
5,often,8914,409
5,there,243,493
5,shall,19537,543
5,light,7820,371
5,large,42717,513
5,times,44415,566
5,queen,786631,1067
5,glory,147018,1325
5,there,269,492
5,cross,122317,599
5,moved,4912,416
5,shall,19054,544
5,build,19212,543
5,first,832,406
5,spoke,23889,512
5,which,178,410
5,about,96192,562
5,women,67521,793
5,realm,2725057,2082
5,fancy,169105,831
5,bring,5662,497
5,above,10393,402
5,tower,84948,549
5,again,32931,517
5,words,2246,388
5,house,50414,621
5,henry,8852469,2596
5,mercy,50719,576
5,teach,312055,684
5,serve,12977,545
5,eglon,1594495,812
5,wound,13338,649
5,death,4465,309
5,jakeh,1065098,776
5,their,16279,542
5,house,38431,472
5,young,21489,463
5,first,609,320
5,aloft,7311042,15931
5,feast,102445,3566
5,began,1540,621
5,forth,5904,388
5,would,6523,351
5,spoke,33314,402
5,heels,345827,899
5,tribe,140100,661
5,earth,10206,492
5,great,5251,358
5,these,4896,397
5,south,50881,407
5,their,16795,461
5,house,39559,399
5,shall,14989,562
5,raise,49996,500
5,women,34016,409
5,enemy,517261,645
5,among,23600,559
5,began,1376,363
5,jacob,45325,468
5,other,516,305
5,SK2Hb,5797427,2008
5,2sh44,6736248,1943
5,3Gbd6,6236419,1573
5,ULSAU,5455290,1350
5,wX8ay,8741229,1267
5,LfBem,7248932,3755
5,hzki1,16423988,2213
5,pXmjI,9276550,17376
5,nFEyD,15297082,2008
5,TJjPX,5711641,1515
5,cernF,8985344,2025
5,5jIlX,5517472,1499
5,ydHY8,8974279,1535
5,bVsYJ,7940752,2166
5,OtmQw,5318865,1492
5,17npN,5950024,1930
5,dSXkK,11539446,1694
5,7sE9h,5662573,2127
5,yC8I0,8961419,2368
5,KCEz2,7043637,3842
6,mother,10278,553
6,regard,3998,405
6,little,24409,431
6,people,13006,432
6,behold,6221,310
6,placed,7457,310
6,steady,3461290,2962
6,pequod,4604715,4244
6,craved,2779993,6957
6,rather,58566,1138
6,mortar,39281,1022
6,prince,62140,1747
6,people,21556,804
6,wrongs,2103635,4498
6,heaven,16848,1182
6,feared,149021,1277
6,things,15937,973
6,seemed,136003,1792
6,ground,16046,1089
6,looked,57510,1410
6,months,229745,1736
6,nicely,6739446,4273
6,before,1216,747
6,armour,1559985,1075
6,things,10954,709
6,misery,144888,647
6,mighty,18493,522
6,horror,28224,528
6,colder,4124716,2044
6,hearer,337432,1443
6,placed,10376,540
6,follow,48061,904
6,throat,810927,837
6,longer,153713,704
6,regard,4463,466
6,nation,25040,535
6,wraths,3642717,3327
6,hamlet,8053503,8690
6,wounds,978960,821
6,fought,201914,609
6,prince,26912,521
6,unless,74819,602
6,little,24047,492
6,places,44893,472
6,shaken,1540291,761
6,machir,152227,629
6,before,562,379
6,speedy,2725303,2070
6,throat,708511,702
6,number,3746,449
6,though,4569,417
6,people,13263,352
6,coming,12743,464
6,needle,5140868,1679
6,object,186979,744
6,spirit,7065,387
6,friend,66874,446
6,either,69146,451
6,shadow,85237,501
6,amalec,74980,535
6,pitied,621138,515
6,dinner,1822737,560
6,saying,9381,483
6,pharao,25463,481
6,deadly,694339,892
6,father,9522,368
6,things,9259,435
6,hebrew,1230,336
6,convoy,5653358,1778
6,denied,67433,608
6,israel,40949,453
6,hebrew,1243,339
6,except,96707,440
6,attire,461475,522
6,elders,377142,545
6,fought,184206,533
6,letter,175947,499
6,master,58230,479
6,people,12362,359
6,tokens,1335514,722
6,Svrk6s,5445230,1317
6,N81DWR,5400732,1167
6,k4bFmC,6825615,1150
6,Hc0YnR,5360901,1255
6,pnYpsk,8072240,1386
6,9sedgy,8349025,17469
6,MMYp2H,6404086,2958
6,vF07j5,7505298,2445
6,DeQBum,5751467,2678
6,txZSwS,21212493,3919
6,Oenj4Z,5996751,3039
6,jmQrEs,6284273,2897
6,s5q2TB,15776981,2469
6,NVPDr7,5817940,1636
6,dtt3gf,12067242,1674
6,36qaqt,6576952,1935
6,zKCc1p,8106881,3066
6,s0uaXI,16070716,2694
6,iqRoFW,15160489,2464
6,qvIDIT,5766876,2000
7,destroy,32611,683
7,project,112,468
7,rebuked,149991,573
7,empires,9749761,4329
7,showing,8142146,3550
7,trouble,204761,1032
7,husband,18324,670
7,fashion,340625,1268
7,purpose,2386,505
7,manners,1973949,1152
7,parable,355172,939
7,answerd,12938735,2790
7,natural,186940,868
7,returnd,9651334,1719
7,because,26400,638
7,present,13204,507
7,against,29432,556
7,through,3509,476
7,offered,27796,536
7,prophet,25494,561
7,another,59053,765
7,levites,451903,648
7,soldier,101148,531
7,prevent,248203,626
7,changes,1084375,1052
7,kingdom,19769,526
7,whether,39642,477
7,himself,14877,458
7,comrade,599979,500
7,deliver,36536,445
7,because,6328,359
7,putting,53562,456
7,company,32164,419
7,hundred,24259,451
7,stopped,100528,479
7,present,11030,380
7,replied,5546936,2058
7,messala,8600261,3175
7,strange,67154,679
7,servant,41035,578
7,expense,690764,1613
7,meaning,2126,548
7,without,19337,583
7,plaster,269268,714
7,deliver,41682,573
7,subject,17380,592
7,against,28519,532
7,outward,945716,707
7,fearful,537061,652
7,remnant,503919,766
7,princes,27561,599
7,opinion,26665,513
7,austria,8165357,2348
7,support,230270,741
7,manners,2158784,2030
7,reigned,169103,793
7,kinsmen,350792,999
7,iceland,5780470,2587
7,demands,5235806,1537
7,nations,47389,611
7,heareth,951352,804
7,quarrel,21774,604
7,violent,13324,514
7,sincere,72836,526
7,between,3959,357
7,learned,31996,517
7,residue,2902370,1536
7,thither,116161,615
7,counsel,61713,586
7,receive,19524,521
7,country,451,380
7,raising,126896,497
7,lifting,38660,452
7,deliver,36233,536
7,further,459790,542
7,command,7016,390
7,enlarge,72726,518
7,priests,98152,555
7,informd,10267121,2043
7,instant,3420764,1423
7,phvh0tI,7538623,2543
7,jeUhVRX,5569990,1774
7,WTi627m,5318535,1487
7,8WcInh0,5344125,1574
7,4LDEJNi,5810134,1704
7,gFsVB9h,8432850,2397
7,qCGV3b4,6221878,2982
7,75xFvop,6049383,1760
7,UkzuAyz,6018307,2347
7,eehCGGd,22969973,2035
7,PIksSgu,5497303,1880
7,M9oDmMD,5255820,1386
7,slYFNUj,14630805,2378
7,BDGLn4F,6521477,1815
7,bU7BawB,8282808,2006
7,PWkj1n2,5756572,1891
7,pSHBJFX,7826321,1978
7,k8hRYAw,6783922,1669
7,yLb7XDU,8568927,1607
7,dpynOUZ,12944196,2252
8,prepared,2134,527
8,together,10784,472
8,polonius,6663513,2238
8,vexation,1707866,1706
8,gathered,6012,494
8,together,12215,471
8,thinking,207450,728
8,finished,9423,496
8,queerest,2718407,2428
8,delicacy,5631314,1952
8,gossamer,4634498,1697
8,children,11649,441
8,appetite,3007748,1414
8,thirteen,91877,645
8,publicly,789318,687
8,rosalind,9310774,3036
8,rosalind,8879443,1950
8,precious,179599,948
8,children,11263,441
8,defiance,5680732,2001
8,tomorrow,167817,655
8,children,10366,565
8,jealousy,209052,588
8,thoughts,1101866,784
8,benjamin,83462,734
8,memorial,46670,526
8,anything,1731705,689
8,pointing,99288,736
8,brethren,20930,1866
8,margaret,6565730,1600
8,canstick,6036451,1784
8,servants,41008,646
8,swinging,5428746,1515
8,revolted,54916,579
8,contents,2470,398
8,business,89869,597
8,laughing,29689,521
8,rewarded,211509,602
8,pleasant,6996,405
8,begotten,46419,482
8,diligent,757,562
8,intimacy,6502004,1347
8,tashtego,9520897,2953
8,rosamond,7953849,2314
8,montague,8410271,2680
8,chopping,4980682,3086
8,altering,8356523,1817
8,rosamond,7068159,2140
8,levelled,4753433,2187
8,judgment,17002,577
8,secretly,68045,545
8,betrayed,1551459,1332
8,children,11502,476
8,slippers,7573049,3532
8,nobility,3821299,1959
8,idolatry,163658,804
8,regarded,4897,596
8,counsels,292651,846
8,religion,30129,554
8,treasure,336524,775
8,sweeping,6155506,2427
8,entirely,3271882,886
8,occupied,3814764,2698
8,occurred,7129501,2307
8,bringeth,74750,1267
8,pleasure,12107,853
8,justices,338774,982
8,terrible,173345,671
8,jonathan,458849,774
8,response,6362028,2936
8,supports,6021695,2312
8,blessing,6304,546
8,deceived,17027,568
8,thinkest,145735,711
8,mediator,474254,742
8,newdated,11259256,2175
8,conceits,1935539,1333
8,iniquity,22593,544
8,saidclam,5908152,2012
8,armourer,10977477,2001
8,5urLv6iw,5281965,1312
8,xCud99ut,5530528,1467
8,m3vj2ZgT,9324433,1769
8,1fORYrpe,6998806,2225
8,hNOkuOzh,20667486,2990
8,TbRoGbss,5860970,1934
8,JelTwc5j,6116633,2122
8,AkTbJWRJ,5680078,2400
8,m2v3gnVR,9631989,1939
8,FHefQn0k,5835023,2380
8,QybpNaNe,5804477,7108
8,xtvOVYrF,5765184,1570
8,37dEjsM0,5730794,1460
8,wGMGYJCD,9528718,1966
8,qd1dlGUr,5839092,1960
8,5AuFlMt5,6110239,2085
8,sIRjn5Fv,16225573,2701
8,ySCM2x7O,8294292,1849
8,F5eV92dF,5420384,1838
8,ykzdsQYe,8328780,1527
9,committed,87201,717
9,commanded,8443,472
9,posthumus,4974018,1537
9,purposing,2206188,1338
9,antiochus,3620337,1174
9,provision,16265,580
9,according,5169,353
9,coatcuffs,5178179,2094
9,agatering,13661084,2101
9,struggles,7415921,2541
9,therefore,37920,758
9,sometimes,37655,587
9,companion,11163,530
9,maintaind,7754511,2384
9,revenging,1310378,1173
9,therefore,38035,738
9,wonderful,61195,593
9,according,5613,363
9,whirlwind,991036,728
9,therefore,37426,651
9,boatcanst,4901536,3411
9,snatching,6594506,2761
9,substance,12071,486
9,trademark,8179516,2168
9,machabeus,2864097,2204
9,misprized,5973744,1895
9,cleopatra,1361698,1223
9,commotion,2155225,1641
9,presented,37866,564
9,according,5424,426
9,engenders,19111208,3406
9,doubtless,4255378,1954
9,redundant,5791651,1913
9,adjusting,8269155,1760
9,blessings,23084,604
9,wayeither,3221050,1179
9,integrity,387066,1153
9,religious,3489,518
9,according,6197,364
9,centuries,21894,509
9,cymbeline,5562164,1588
9,lodgegate,6970241,1491
9,inclusive,7087752,1384
9,important,5969498,1700
9,restraind,8775151,1379
9,maddening,4131366,1485
9,captivity,405008,889
9,sprouting,7601419,1590
9,benignity,2766127,1339
9,parsonage,3762524,1413
9,yesterday,84939,617
9,daughters,22051,489
9,functions,350322,699
9,preacheth,1319286,1158
9,amputated,7835211,2460
9,exceeding,32711,9083
9,miserable,493887,795
9,lightsome,1739924,1542
9,definable,6385895,1940
9,glendower,6034625,1997
9,strangers,66651,647
9,macedonia,1404806,1134
9,corrupted,18563,542
9,nephussim,2281997,1007
9,liability,4431374,1891
9,contemned,190730,751
9,salvation,214417,621
9,wondering,64646,560
9,inhabited,498453,602
9,enobarbus,15227811,1995
9,ornaments,426474,721
9,certainly,92296,611
9,exhausted,10584921,3683
9,generally,3110,559
9,continual,238763,964
9,therefore,35605,686
9,certainly,97026,555
9,everybody,5601072,2445
9,knowledge,7225,588
9,vestments,203766,948
9,NZCyr6Kz5,6196032,2703
9,D9zO6txlJ,5867948,2301
9,syTcaBhMI,15272959,3959
9,mxGKHXopw,10279115,4820
9,61M98f4T1,7395709,2362
9,4YpM0F6bh,6425572,1782
9,uED8uzm4X,10113929,1652
9,c7xJdgmNW,8758124,1645
9,WzSUyfen0,5716363,1627
9,L6n6UZyo5,7015057,1977
9,9ALaRyzA9,6676673,2113
9,P1ccFi8Wi,7856241,1807
9,FWLDRZZjH,5937242,1493
9,6Qk9AEyzz,5891174,1514
9,WO3QTkdf8,5739114,1572
9,1UYecUDf8,6095327,1465
9,cmOyyMH9H,9147731,2629
9,ckNPLCRiq,10816348,3424
9,cY3oFCE4u,9901554,2739
9,7lKgv3Tik,6079283,1765
10,ophimachus,538339,1062
10,sojourners,533898,747
10,dreariness,6750886,1530
10,tabernacle,295794,726
10,discerning,4675910,1430
10,rebounding,2923314,1353
10,tabernacle,285648,658
10,crownpiece,3819676,2358
10,howeverits,9944557,1976
10,themselves,19045,610
10,miniatures,4144245,1891
10,sacrificed,519417,1039
10,sidepocket,7224965,4042
10,monomaniac,5161650,2007
10,neighbours,432873,1044
10,gloucester,6461586,1710
10,ordinances,384565,716
10,insistence,9305613,1915
10,impatience,1944257,1294
10,unleavened,72540,747
10,profitably,3897981,2061
10,reputation,5229288,1486
10,confounded,28667,627
10,punishable,4641110,1359
10,newsletter,6962056,1323
10,scandalize,2999454,1261
10,overthrown,67741,603
10,overcometh,1783084,652
10,adroitness,8768776,2299
10,ceremonies,66886,699
10,provincial,3364250,1047
10,mightiness,6628093,1710
10,admonishes,3382488,1138
10,abdemelech,3979359,1080
10,particular,23450,621
10,understand,5623,349
10,iniquities,57479,426
10,admiration,2874936,1200
10,compromise,5150687,1886
10,attendants,12357753,1495
10,persecuted,429598,888
10,gentleness,4242243,1909
10,antipholus,13255817,1427
10,sanctified,11981,523
10,overthrown,58250,434
10,confidence,540115,680
10,vigorously,469425,676
10,understand,5551,369
10,revelation,1274122,515
10,anatomical,7473280,2020
10,motherless,4982751,1361
10,themselves,18389,630
10,afterwards,54729,478
10,headstrong,3962204,1144
10,understand,6071,573
10,holocausts,41977,427
10,feebleness,2114096,1608
10,perfection,172502,691
10,resolution,1136107,741
10,derogation,9731002,2213
10,electronic,6796,550
10,themselves,22130,611
10,cadesbarne,466248,789
10,depression,6182318,3541
10,whaleballs,4538798,3168
10,opposition,1510257,1441
10,confusedly,5184054,3640
10,vocabulary,3440336,2316
10,understand,7494,584
10,hailstones,1422494,1606
10,resolution,1101476,1650
10,disloyalty,584056,952
10,engravings,2682810,1239
10,celebrated,263245,1336
10,henceforth,63238,699
10,concession,5601905,3527
10,sacrificed,364081,976
10,henceforth,60869,702
10,astonished,176249,624
10,appointeth,881721,1159
10,v3GT0GyIbM,8098813,3147
10,fkxe29ilwX,9547495,3701
10,zQ15v2QJXf,5426939,1892
10,a3v4T9Sk5O,16659861,2289
10,lfdDWp42w6,10781358,1743
10,O1YJ79zpr9,5375666,1966
10,32vKtoSeck,5433297,1607
10,cn7qWDGPkN,8144454,1576
10,YkTmqkZ29z,5391792,1504
10,PizGQhjcNv,5558958,1470
10,05Urc2O5Kv,5280922,1424
10,7mIxnppe58,5399098,1453
10,tLmT4yUM38,18426622,1804
10,eLXAyHJBKY,25044091,3038
10,KkzT4vEgnG,6428752,2747
10,uu7jSOWoem,10683629,3502
10,0GTTKAJdyV,5791853,1640
10,WJcBnMn285,5495633,1732
10,dI8o6BqiBa,11737797,1818
10,8o6a2wTRyl,6447072,2082
5,ghost,324740,4512
5,which,413,886
5,sheep,86205,846
5,spoke,30948,703
5,their,27743,827
5,massa,114638,847
5,shall,39045,791
5,shall,20237,571
5,after,14445,673
5,ocean,4120967,2240
5,which,367,720
5,being,8352,483
5,great,8321,3515
5,midst,6124,504
5,march,234309,808
5,odour,791282,1095
5,comes,1724,622
5,earth,16323,517
5,about,117264,774
5,whale,8855,555
5,often,5340,461
5,there,323,635
5,shall,23663,646
5,light,9525,450
5,large,51832,633
5,times,54118,681
5,queen,813422,963
5,glory,151592,797
5,there,291,575
5,cross,127068,640
5,moved,5095,406
5,shall,19897,624
5,build,20020,555
5,first,864,387
5,spoke,25080,547
5,which,162,413
5,about,100005,569
5,women,45496,583
5,realm,2496105,1455
5,fancy,156147,847
5,bring,5265,456
5,above,9686,556
5,tower,81760,536
5,again,30671,569
5,words,2045,370
5,house,46974,501
5,henry,8550548,2014
5,mercy,48930,545
5,teach,304987,623
5,serve,12667,536
5,eglon,1430928,674
5,wound,12507,429
5,death,4277,295
5,jakeh,1131955,873
5,their,36024,642
5,house,44921,499
5,young,25400,485
5,first,737,341
5,aloft,7927330,2281
5,feast,63133,751
5,began,1667,434
5,forth,6491,369
5,would,7326,477
5,spoke,23642,6429
5,heels,423316,990
5,tribe,153452,662
5,earth,11143,598
5,great,5685,339
5,these,5434,451
5,south,55225,478
5,their,18129,517
5,house,43153,485
5,shall,16432,472
5,raise,54534,455
5,women,37363,458
5,enemy,562100,717
5,among,25426,630
5,began,1482,375
5,jacob,41573,488
5,other,576,320
5,SK2Hb,5947109,1203
5,2sh44,5947517,1078
5,3Gbd6,5828540,1440
5,ULSAU,5498282,1409
5,wX8ay,10321092,3565
5,LfBem,7491951,3117
5,hzki1,18478680,2971
5,pXmjI,8876782,1861
5,nFEyD,17421506,3822
5,TJjPX,5879603,1557
5,cernF,11235491,2227
5,5jIlX,6489224,1737
5,ydHY8,8696058,1481
5,bVsYJ,7928385,1601
5,OtmQw,5636515,1716
5,17npN,6044200,1676
5,dSXkK,11440893,1782
5,7sE9h,5642821,1945
5,yC8I0,10186386,3822
5,KCEz2,7880600,3736
6,mother,12597,561
6,regard,5084,470
6,little,30576,597
6,people,16294,678
6,behold,7805,630
6,placed,9461,365
6,steady,3665022,3122
6,pequod,3557043,2464
6,craved,1528352,1358
6,rather,29042,646
6,mortar,98031,1387
6,prince,57056,594
6,people,13699,357
6,wrongs,1697432,956
6,heaven,7633,394
6,feared,84995,512
6,things,10397,376
6,seemed,81653,505
6,ground,8532,349
6,looked,30033,453
6,months,115879,529
6,nicely,5079326,2312
6,before,677,558
6,armour,1630908,1161
6,things,11258,1215
6,misery,159605,684
6,mighty,17545,505
6,horror,26664,482
6,colder,4018101,1482
6,hearer,251403,708
6,placed,7892,401
6,follow,11779,335
6,throat,696536,719
6,longer,145391,586
6,regard,4164,373
6,nation,23746,517
6,wraths,3263496,1345
6,hamlet,7629519,1498
6,wounds,948032,1179
6,fought,183801,575
6,prince,24900,479
6,unless,68789,562
6,little,22134,490
6,places,41410,455
6,shaken,1409470,670
6,machir,259224,881
6,before,497,358
6,speedy,2414320,913
6,throat,683829,810
6,number,3448,383
6,though,4195,377
6,people,12276,293
6,coming,11635,425
6,needle,4675584,2607
6,object,231204,942
6,spirit,6891,383
6,friend,63309,458
6,either,65430,453
6,shadow,69001,456
6,amalec,73267,451
6,pitied,627899,611
6,dinner,2100215,727
6,saying,9453,499
6,pharao,25933,445
6,deadly,531270,574
6,father,9556,339
6,things,9380,480
6,hebrew,1196,279
6,convoy,5373646,2113
6,denied,63835,531
6,israel,39145,476
6,hebrew,1198,292
6,except,91907,406
6,attire,437914,523
6,elders,351410,548
6,fought,174861,568
6,letter,167258,506
6,master,55238,480
6,people,11725,424
6,tokens,1089570,732
6,Svrk6s,5765760,1535
6,N81DWR,5285048,1063
6,k4bFmC,6224501,1416
6,Hc0YnR,5215020,1154
6,pnYpsk,8774361,1807
6,9sedgy,6535607,2990
6,MMYp2H,5681388,1554
6,vF07j5,7886468,1652
6,DeQBum,6001408,1892
6,txZSwS,21756097,2147
6,Oenj4Z,5820480,2045
6,jmQrEs,6667877,2184
6,s5q2TB,16765145,3208
6,NVPDr7,6152575,1678
6,dtt3gf,12578880,2009
6,36qaqt,6905994,1678
6,zKCc1p,5813547,1843
6,s0uaXI,16410946,4119
6,iqRoFW,16202587,3913
6,qvIDIT,6039136,2462
7,destroy,30432,601
7,project,97,475
7,rebuked,137518,634
7,empires,7145380,2471
7,showing,7081861,2149
7,trouble,216779,1095
7,husband,19373,621
7,fashion,229222,774
7,purpose,2180,515
7,manners,2107659,1799
7,parable,341395,824
7,answerd,14377236,4262
7,natural,213059,1369
7,returnd,10483150,2260
7,because,7398,592
7,present,11718,515
7,against,26338,568
7,through,3125,446
7,offered,24746,525
7,prophet,22643,485
7,another,35166,487
7,levites,313321,687
7,soldier,106487,643
7,prevent,260627,670
7,changes,1014291,955
7,kingdom,58066,853
7,whether,70323,559
7,himself,14624,450
7,comrade,585156,641
7,deliver,36600,493
7,because,6377,351
7,putting,52885,464
7,company,32174,455
7,hundred,24404,463
7,stopped,100314,498
7,present,10921,332
7,replied,5464679,1998
7,messala,7345987,2171
7,strange,57635,610
7,servant,34991,493
7,expense,487698,786
7,meaning,1598,427
7,without,16651,526
7,plaster,229205,579
7,deliver,35566,481
7,subject,14784,428
7,against,24263,408
7,outward,791542,603
7,fearful,470451,639
7,remnant,375310,598
7,princes,24140,561
7,opinion,23306,508
7,austria,7987286,1675
7,support,259472,781
7,manners,2221409,1150
7,reigned,163478,718
7,kinsmen,300575,655
7,iceland,5892682,1727
7,demands,5254393,1393
7,nations,52679,692
7,heareth,1027916,896
7,quarrel,21141,501
7,violent,14163,416
7,sincere,77204,589
7,between,4132,369
7,learned,33431,484
7,residue,3716734,2135
7,thither,152718,939
7,counsel,91850,2970
7,receive,27981,3448
7,country,671,2810
7,raising,181155,1472
7,lifting,56839,4011
7,deliver,51121,1328
7,further,694410,1229
7,command,10949,587
7,enlarge,94125,866
7,priests,191660,2099
7,informd,11116622,1898
7,instant,3277025,1315
7,phvh0tI,7774396,2563
7,jeUhVRX,5827390,2385
7,WTi627m,6767721,2957
7,8WcInh0,7033066,3205
7,4LDEJNi,6810664,2371
7,gFsVB9h,8761078,1927
7,qCGV3b4,6346375,1659
7,75xFvop,6255027,1703
7,UkzuAyz,5768504,1931
7,eehCGGd,25591580,2713
7,PIksSgu,5554054,1916
7,M9oDmMD,5875515,1730
7,slYFNUj,14859843,2085
7,BDGLn4F,5615009,1884
7,bU7BawB,8602308,1573
7,PWkj1n2,5820586,1867
7,pSHBJFX,7341137,1468
7,k8hRYAw,6546400,2018
7,yLb7XDU,8117062,2104
7,dpynOUZ,11615094,1945
8,prepared,1638,530
8,together,10114,562
8,polonius,5351274,1598
8,vexation,1438404,1353
8,gathered,5494,477
8,together,11034,531
8,thinking,282901,883
8,finished,7633,433
8,queerest,2143071,1708
8,delicacy,5007454,2392
8,gossamer,4461290,1768
8,children,11858,537
8,appetite,2947510,1547
8,thirteen,89139,641
8,publicly,768957,637
8,rosalind,8981320,1908
8,rosalind,8487321,1863
8,precious,169374,827
8,children,10597,515
8,defiance,5373087,1233
8,tomorrow,164268,670
8,children,10142,436
8,jealousy,203889,590
8,thoughts,1091718,823
8,benjamin,81757,629
8,memorial,45404,592
8,anything,1555470,627
8,pointing,96458,601
8,brethren,20332,514
8,margaret,6901600,2344
8,canstick,6202442,1273
8,servants,42654,706
8,swinging,5691042,1747
8,revolted,56386,622
8,contents,2536,438
8,business,154844,737
8,laughing,36666,602
8,rewarded,323014,816
8,pleasant,8460,489
8,begotten,90435,814
8,diligent,1230,538
8,intimacy,6962173,2696
8,tashtego,9556517,1856
8,rosamond,7175517,1711
8,montague,8280867,2698
8,chopping,4040148,1919
8,altering,8237908,1581
8,rosamond,6985787,1465
8,levelled,4615947,1408
8,judgment,16277,485
8,secretly,66019,545
8,betrayed,1356075,950
8,children,11008,526
8,slippers,7312716,2625
8,nobility,2981777,1420
8,idolatry,125894,664
8,regarded,3786,447
8,counsels,170337,660
8,religion,26231,522
8,treasure,233206,588
8,sweeping,5545784,1786
8,entirely,3112182,992
8,occupied,3269114,1272
8,occurred,6012118,2679
8,bringeth,49731,14581
8,pleasure,8423,659
8,justices,341463,968
8,terrible,153078,625
8,jonathan,403052,645
8,response,5287575,1408
8,supports,5140161,1459
8,blessing,6617,526
8,deceived,17742,655
8,thinkest,113439,599
8,mediator,491758,661
8,newdated,11073555,2129
8,conceits,2001029,1768
8,iniquity,24227,648
8,saidclam,5588333,1957
8,armourer,11496766,1506
8,5urLv6iw,5571442,1326
8,xCud99ut,5711468,1370
8,m3vj2ZgT,8990916,1312
8,1fORYrpe,5923179,1379
8,hNOkuOzh,15599977,1398
8,TbRoGbss,5661536,1461
8,JelTwc5j,5711803,1142
8,AkTbJWRJ,5727627,1525
8,m2v3gnVR,10230900,1753
8,FHefQn0k,5547211,1398
8,QybpNaNe,5335837,1405
8,xtvOVYrF,5753172,1705
8,37dEjsM0,5631985,1327
8,wGMGYJCD,8871176,15309
8,qd1dlGUr,5939675,1696
8,5AuFlMt5,6198774,1582
8,sIRjn5Fv,15345615,1902
8,ySCM2x7O,8770389,2269
8,F5eV92dF,5669315,2125
8,ykzdsQYe,8559422,1515
9,committed,92289,730
9,commanded,8904,471
9,posthumus,6086653,2824
9,purposing,2838052,2415
9,antiochus,4692555,2860
9,provision,18336,685
9,according,5509,426
9,coatcuffs,6424902,2200
9,agatering,13077676,1957
9,struggles,7091418,1981
9,therefore,34832,653
9,sometimes,34872,533
9,companion,10420,483
9,maintaind,7093281,1822
9,revenging,1227944,1021
9,therefore,34825,722
9,wonderful,78498,654
9,according,25848,613
9,whirlwind,1187623,1171
9,therefore,34345,965
9,boatcanst,4177365,2880
9,snatching,6576236,2828
9,substance,10833,584
9,trademark,8582071,2018
9,machabeus,2938299,1892
9,misprized,6069160,2167
9,cleopatra,1418793,1086
9,commotion,2023306,1690
9,presented,37030,536
9,according,5155,345
9,engenders,18078079,2168
9,doubtless,4814438,1784
9,redundant,7005601,2081
9,adjusting,8552522,1986
9,blessings,27880,699
9,wayeither,3831695,1599
9,integrity,391209,1032
9,religious,3181,503
9,according,5603,378
9,centuries,2183,347
9,cymbeline,5082655,1951
9,lodgegate,6453326,1647
9,inclusive,7110924,1696
9,important,5495559,1520
9,restraind,9394209,2223
9,maddening,1902550,1607
9,captivity,194829,851
9,sprouting,2457115,2109
9,benignity,1361867,1430
9,parsonage,1778398,1298
9,yesterday,33335,575
9,daughters,7132,347
9,functions,141737,512
9,preacheth,635439,771
9,amputated,2240753,2034
9,exceeding,8824,349
9,miserable,234107,846
9,lightsome,697410,779
9,definable,2366905,2447
9,glendower,2551294,1270
9,strangers,22001,529
9,macedonia,670114,940
9,corrupted,8310,338
9,nephussim,639542,610
9,liability,1532987,1126
9,contemned,86725,592
9,salvation,64830,572
9,wondering,27236,551
9,inhabited,147002,565
9,enobarbus,3645757,1766
9,ornaments,125092,583
9,certainly,39683,541
9,exhausted,2408472,1349
9,generally,1291,371
9,continual,93332,542
9,therefore,7976,525
9,certainly,38696,679
9,everybody,1285517,992
9,knowledge,2914,508
9,vestments,83304,530
9,NZCyr6Kz5,4328105,2904
9,D9zO6txlJ,4285925,1784
9,syTcaBhMI,5216240,1831
9,mxGKHXopw,4107786,1594
9,61M98f4T1,3732271,2231
9,4YpM0F6bh,4495456,2086
9,uED8uzm4X,4626447,2384
9,c7xJdgmNW,3987601,1465
9,WzSUyfen0,3668972,1738
9,L6n6UZyo5,3833683,1746
9,9ALaRyzA9,3693376,1494
9,P1ccFi8Wi,3816511,2090
9,FWLDRZZjH,3659262,2059
9,6Qk9AEyzz,3941829,1743
9,WO3QTkdf8,3864625,1587
9,1UYecUDf8,3704425,1356
9,cmOyyMH9H,4083113,1815
9,ckNPLCRiq,4355018,1532
9,cY3oFCE4u,4114013,1366
9,7lKgv3Tik,3703982,1423
10,ophimachus,165683,922
10,sojourners,172939,746
10,dreariness,2380401,1219
10,tabernacle,85904,639
10,discerning,1647816,1079
10,rebounding,947577,796
10,tabernacle,83705,707
10,crownpiece,1736841,1562
10,howeverits,2963767,1764
10,themselves,5243,465
10,miniatures,1736784,1048
10,sacrificed,113501,635
10,sidepocket,1907870,848
10,monomaniac,1693714,1275
10,neighbours,109089,689
10,gloucester,2732003,1807
10,ordinances,106577,588
10,insistence,2442909,1300
10,impatience,489935,597
10,unleavened,20114,541
10,profitably,1580006,1104
10,reputation,1632464,1653
10,confounded,14372,472
10,punishable,2231268,1073
10,newsletter,2022991,1497
10,scandalize,941583,891
10,overthrown,20215,386
10,overcometh,565407,816
10,adroitness,2713635,2401
10,ceremonies,30296,581
10,provincial,1578591,1252
10,mightiness,2892069,1745
10,admonishes,993484,1107
10,abdemelech,1351231,1303
10,particular,11486,477
10,understand,2673,370
10,iniquities,19288,482
10,admiration,790832,596
10,compromise,1754670,1555
10,attendants,3159495,1444
10,persecuted,225111,724
10,gentleness,1765565,1408
10,antipholus,3462580,1291
10,sanctified,4203,348
10,overthrown,19768,496
10,confidence,312955,744
10,vigorously,331561,702
10,understand,2748,375
10,revelation,445752,484
10,anatomical,2179859,996
10,motherless,2377422,2107
10,themselves,5070,418
10,afterwards,16931,357
10,headstrong,1169834,878
10,understand,3244,378
10,holocausts,12728,401
10,feebleness,953967,1236
10,perfection,154169,996
10,resolution,291845,679
10,derogation,2908579,1992
10,electronic,1612,373
10,themselves,4895,412
10,cadesbarne,189964,610
10,depression,1907309,1287
10,whaleballs,1742857,1168
10,opposition,359391,824
10,confusedly,2140978,2776
10,vocabulary,1796930,1545
10,understand,3059,567
10,hailstones,348513,1187
10,resolution,298567,674
10,disloyalty,173714,554
10,engravings,677423,1586
10,celebrated,101760,563
10,henceforth,14459,517
10,concession,2142814,1648
10,sacrificed,110511,647
10,henceforth,15078,482
10,astonished,41253,520
10,appointeth,207841,602
10,v3GT0GyIbM,3808417,1986
10,fkxe29ilwX,4411677,1738
10,zQ15v2QJXf,3782073,2023
10,a3v4T9Sk5O,5873368,2601
10,lfdDWp42w6,4772417,2214
10,O1YJ79zpr9,3747029,1937
10,32vKtoSeck,4067220,2757
10,cn7qWDGPkN,4117046,1596
10,YkTmqkZ29z,3978143,2191
10,PizGQhjcNv,3719971,1681
10,05Urc2O5Kv,4029168,2092
10,7mIxnppe58,3730740,1640
10,tLmT4yUM38,5774112,2441
10,eLXAyHJBKY,6390228,2564
10,KkzT4vEgnG,4773636,3501
10,uu7jSOWoem,4548475,2372
10,0GTTKAJdyV,3787706,1866
10,WJcBnMn285,3817031,2162
10,dI8o6BqiBa,4526819,1387
10,8o6a2wTRyl,3691983,1531
