700761,426356,99707,12295,13204839,410401,8173,61893,325797,22872,17909,16543,15805,1039738,23858,22415,1454,3387,6303,10880,10362633,7240948,4924,5520,76600,319265,25982,4343506,45445,3881158,43825,233769,220303,14027,96306,362290,89346,770138,5215,30002,27639,925802,152468,209548,147562,5510839,5830,2816099,53997,11604437,8488367,5751650,3833537,531714,4468940,23982,20404,290804,513828,2356766,2002216,890261,4443884,2144331,2134245,5076453,5289934,679907,2820057,57074,1746632,20556,11067141,2233453,20276,289112,3260113,5179410,5024275,60333,10094012,15629982,17455123,27288791,24125527,8300445,13890977,24765848,8003922,7849141,16222165,17480369,7469964,8825067,8614464,9644651,18167853,18796474,19230369,7972224
165578,16457,13748,14103,29134,14483,12671,12891,13594,12209,13402,11684,11311,20073,12007,12352,11876,13136,11390,11194,20735,24229,12692,22307,13392,12454,11331,15145,11383,12894,11434,11982,11609,11397,11404,11587,11821,160771,12852,11769,11808,17844,16669,58619,18317,19593,10874,13642,10908,19450,17098,19868,14419,11264,17544,14659,10250,11188,10546,15862,14084,10947,14638,13147,12414,19112,15054,12036,13626,10869,11585,11341,22860,14457,13779,11334,21335,15582,17999,10862,16667,18146,28860,30718,28651,26942,24080,27959,30960,25061,26273,27662,27072,27402,27015,27258,33393,26633,30012,24548
23616,21907,3024,1165,9271557,350319,6719,63598,274892,20881,17717,15247,15193,959500,22359,14856,1407,2721,5263,10369,10298660,5542235,4403,4426,60992,242040,17484,3578197,45083,2640459,40576,217632,155685,10690,75344,243095,57763,583532,3603,30131,18902,632619,113879,161115,133957,3629763,4990,2444546,38385,10908580,7965266,5206063,2971225,351035,3685821,21904,16350,278758,350763,2308942,1636337,739334,3716556,1851129,2036044,3622114,4160649,635149,2347732,46775,1609071,20678,10902816,1808971,23137,270064,2204648,3700073,4077387,62775,9830249,14221976,14362229,22807596,22381262,7706349,13630978,23187904,7710196,7357941,15159309,16093463,6847270,8210303,8120993,9171377,16968007,17935718,17648012,7263577
26494,11900,13423,9880,26128,12361,10335,10381,10535,12853,9796,9467,29550,10946,9572,9418,8911,9281,8628,8659,22638,18580,11131,9668,9784,12143,13754,18035,14533,12766,9632,10548,12385,11307,11456,10332,9527,15899,16037,9275,10258,10151,8904,8957,9245,12358,8040,10181,8704,20349,18243,17262,15783,18271,33378,9074,7585,8442,8043,9378,10509,8562,40828,15448,10069,20131,11734,10056,10951,8230,9617,8089,21183,19699,8007,8897,17376,11089,12252,8344,25346,18546,14366,15812,21033,14842,21159,22537,19639,14952,37085,18490,16981,17501,14429,16805,16789,19550,20087,14816
22855,20303,2793,1039,8451882,320290,6029,56262,254019,19052,16438,13801,13810,870523,21371,13883,1145,2460,4655,9901,10831109,5191341,3803,3923,76993,226114,16076,3476031,44211,2574858,39739,211380,169495,10240,73136,239051,57020,576282,3324,28773,18384,619137,112795,157172,130364,3580532,4463,2391872,44414,10534461,7788126,5207461,2993117,382019,3568605,20186,15511,263686,363944,2334792,1746961,813185,3887046,1820885,2054538,3400652,4156608,652821,2407343,45278,1589697,19192,10411316,1763340,21446,286845,2238859,3720251,4092331,60341,9784740,14207630,14154136,22956238,22617282,7731598,14175852,23981824,7481591,7502219,15299762,16146311,7019454,8181510,8285210,9281056,16886070,18085004,17554985,7170866
24117,8397,6699,6833,17433,8875,6073,6271,6860,6161,5971,5822,5389,7032,6155,6025,5391,5322,5460,5336,18694,12583,7139,6103,6135,18449,6519,11554,6295,8611,6380,6986,6509,5956,6243,6154,6003,22323,5987,5903,5887,7510,6269,6175,6350,13295,5862,8125,6594,24715,22863,26000,10625,7504,22631,7883,8544,8123,13216,25141,36942,12891,12637,12309,8252,13098,10951,7935,9470,5825,7148,8803,17854,14173,5809,7956,32774,11037,10659,6023,10710,12522,18238,18233,25901,40833,22068,19649,13315,13200,14195,13179,14770,13346,12600,13524,13766,33474,12945,11918
19558,18775,1887,342,8779422,326105,5091,56593,259404,18498,16123,12861,13735,881182,20537,13386,577,1917,4304,9539,10179993,5506829,2119,3352,58809,237850,16118,3590145,43167,2717501,39471,259468,154308,9748,74599,240443,58050,568276,2522,28831,18233,586219,119111,159605,133302,3549081,3449,2455996,36785,11675440,9339580,6211099,3957483,616346,4699932,31425,28052,338030,521359,2890753,2469781,1024617,4883616,2377500,2332962,4600651,5029897,649664,2471074,47518,1666042,20850,11787883,1875260,21539,289696,2316766,3783679,4275595,63898,10085627,15127207,14714308,25010600,26595545,9267015,15566118,24610072,7534464,7427577,15670709,16223920,7226573,8393233,8689897,9461619,17716498,18436647,18240215,7397275
17513,6227,4801,4249,17674,8433,4634,4906,5606,4764,4444,4271,4163,5759,4775,4683,4110,4017,3817,3934,20445,14316,4509,3988,4519,5303,4591,8483,4856,9351,4907,5773,5063,4416,4785,4879,4533,10949,4494,4174,4315,4813,5289,5004,5332,11354,5037,7819,5375,28362,28355,36930,27907,19952,25118,10801,9488,8311,8846,18174,19772,11665,21491,18538,20526,35961,25238,12865,19618,7133,10062,25045,30930,16400,5625,7263,19207,21637,32029,6434,23018,70536,33769,58146,36094,22670,10470,14280,8121,7231,8236,7570,6565,6749,9112,5412,6731,5748,7159,6270
29979,28643,3385,451,9369022,326919,4824,56069,260464,18279,15784,12623,13605,895985,20405,13095,437,1719,4131,9344,10062833,5435063,1945,3159,58776,257444,16068,3573119,42982,2609517,39528,211839,149787,9360,72247,251765,63942,568606,2480,28892,18201,594750,110927,155169,129367,3611618,3410,2579813,38298,11205303,8065549,5208774,2975228,350383,3552573,19629,14566,279303,339095,2261766,1576715,685487,3703040,1738289,1978664,3457987,3917429,612010,2291241,45080,1545102,19203,11636082,1936878,20991,289378,2387913,3849747,4476462,63425,10291207,14913986,15418075,24520685,23984158,8217102,14102744,23913215,8085137,7608100,15857623,16682848,7203256,8538219,8548088,9462932,17741932,18046335,17492087,7225963
10440,4934,2397,1803,6948,2907,1353,1299,1724,5113,1307,1429,1130,1845,1493,1253,1073,976,959,1115,4662,3819,1416,1146,1439,1749,1508,3012,1528,4100,1531,1834,1680,1410,1548,1694,1598,12712,1427,1424,1457,2004,1736,1870,1765,5017,1341,3716,1919,5917,4899,4853,3680,2830,3943,1727,1480,2247,2469,2314,2636,1957,4893,3041,2243,5423,3523,2367,3361,1902,2533,7615,11647,6957,2107,2992,17247,6280,7748,2430,6379,9571,14546,9403,10926,8000,6896,7491,29251,9623,8225,6175,5255,6650,13072,6179,9589,8056,7533,6151
26564,25739,3100,395,10256142,312367,4695,53313,251123,19364,15194,11921,12817,851668,19472,12565,383,1645,3936,9026,9806449,5321217,2016,3028,56750,230692,15591,3483974,42526,2522402,38723,217367,150820,9290,72180,235789,55973,595303,2417,27701,17665,565846,107186,154821,129249,3475721,3130,2432565,35129,10378149,7709594,5231496,2952391,376000,3553736,19608,14609,261555,365415,2271067,1577441,705625,3688628,1752996,1971942,3375866,3873463,595517,2245042,42290,1560280,18292,10399426,1775329,19545,270099,2292611,3760461,4371826,62732,9995528,14409124,14947772,24579270,23223613,8291191,14278773,24040301,7314433,7224758,15320756,16171917,7027568,8201267,8300377,9236115,17163998,18606118,18781551,7629643
7677,3480,2303,1819,10783,3075,1401,13272,1800,3038,1291,1118,1084,4046,9847,1127,910,807,792,847,4559,4190,1214,990,1160,1390,1165,3192,1329,2763,1289,2114,1447,1229,1836,1304,7911,14639,1297,1181,1251,1404,1349,1389,1468,2847,1180,2284,1662,4712,3863,3314,3282,2016,4157,1511,1276,1909,1858,3182,2441,1958,2978,10358,2638,4419,3202,2090,2942,1627,1957,1488,6588,4499,1784,2536,14543,4748,4848,1811,4604,6130,7005,7699,7636,4980,6179,6027,4348,4146,6411,5252,4083,4536,4407,4865,12198,7713,5931,5614
27432,28523,3632,351,11228869,315034,4749,53706,246176,17235,15113,11962,12863,849351,19469,12374,421,1624,4062,8883,9607383,5163585,1803,3005,55992,224995,15439,3755133,42069,2701458,39454,215796,154214,9557,74283,244061,57276,576394,2506,28449,18057,582538,109772,158996,133270,3515101,3266,2452427,36546,11097731,7979466,5082538,2890349,341447,3507739,20438,14859,291994,350398,2300991,2027253,725001,3906774,1802776,2026213,3520544,4093081,650097,2394899,45884,1596584,19916,10529657,1709145,19341,262639,2209648,3795719,4198373,60912,9894086,14485609,14049198,22447942,22441847,8052395,13663016,23227508,7270861,7227695,14692063,15543083,6853714,7995784,7846907,9001075,17163704,18070252,17622848,7311831
6014,2559,1904,1600,7527,4646,1171,1025,1508,1172,1011,922,900,1592,1406,1040,870,797,771,865,4237,3815,1199,951,1108,21812,1190,19648,1448,4268,1368,1525,1442,1219,1247,1264,1183,12143,1294,1170,1239,1550,1299,1334,1361,3784,1173,2199,1600,6257,4104,3434,3247,2600,4398,1433,1245,2186,1919,62983,24430,2174,4446,2563,2094,5107,3564,2101,3077,1629,1791,1547,6193,3089,1370,1887,15254,8985,4554,1631,3806,4452,4214,4154,7572,7187,6293,6122,4640,3708,4579,4408,3570,4073,4389,3934,7104,6260,4840,4664
18821,18918,1811,273,8418822,307104,4469,53346,244592,17328,15148,11888,12642,838649,19352,12367,412,1635,3939,43249,9560720,5138748,1859,2954,55347,224581,15098,3383664,41258,2471360,37056,206278,149284,9143,70419,229077,54170,551787,2251,26661,16766,561128,102199,162905,126050,3456986,3257,2333237,35331,10304492,7627163,5077279,2898876,346682,3461493,19086,14491,254503,334714,2171960,1520445,692984,3608954,2485473,2302305,3613686,4168636,648361,2420374,46560,1640791,20117,10791819,1774826,20416,276026,2532861,3970734,4168482,61196,9994298,14447590,14187142,23229146,22682314,7937261,13824246,23177603,7236257,7228033,14736183,15720605,6836212,7958431,7902580,9048245,16452696,17336982,17603660,7232111
3505,1305,965,860,2426,1534,1141,988,1202,1191,933,920,5180,1382,1134,992,839,792,718,815,4374,2710,1105,941,1079,1260,1145,1975,1279,2135,1234,1400,1362,1135,1190,1181,1267,22862,2134,1151,1193,1203,1208,1324,1320,3571,1013,1851,1480,4877,3838,3910,2908,2245,3614,1377,1177,1927,1786,1673,1954,2499,5715,5712,6799,4670,3401,2044,3321,1616,2039,1568,7158,3352,1526,1850,17469,6852,4291,1845,4410,5160,7609,5341,7828,7127,6155,5273,5150,4177,4558,4094,4180,3890,5344,4975,27066,56818,35906,24269
18046,18812,1806,245,8667534,311302,4546,56810,245630,17313,15036,12006,12967,833504,19414,12415,397,1588,3937,8850,9702159,5223931,2300,3049,55424,226148,15193,3445777,41071,2548353,37399,205413,150167,9124,71053,276807,56158,589842,2487,27587,18045,605901,108537,155894,130084,3755441,3248,2433301,35941,10366767,7700563,5076338,2916747,376036,3539378,32732,14571,262459,370579,2268189,1616895,730055,3788916,1770481,1964152,3700154,4299988,627303,2453015,46310,1610992,19440,10875079,2115746,21141,302335,2571724,3822097,4322362,62807,10014369,15061269,15121290,23872770,24018084,7978854,14232838,23508325,7302239,7248954,15420203,16148644,6854443,8217773,8105277,8994393,16618366,17343449,17102372,7081386
24731,8151,5498,1569,9784,2793,1799,2003,2131,1816,1670,1598,1467,2406,1866,1732,1468,1346,1347,19281,37275,13716,1870,1549,1893,2181,1854,6070,1927,5132,2166,14683,2404,1870,2170,2101,1921,12999,1843,1690,1846,2495,2113,2136,2158,5907,1768,3297,2315,15161,8405,25297,7045,3714,8127,2275,1794,3103,2751,8413,5537,3639,11272,2696,1898,4904,6035,2302,3485,1437,1938,1334,7286,5094,1571,2220,16933,4159,3728,1534,3854,5577,5641,5370,6758,5845,6743,6073,4317,3444,6497,5213,3694,4442,4644,4276,3941,5266,4846,3023
18092,18610,1824,255,8259542,310148,4556,53276,245057,17356,14969,11822,13030,842285,19213,12368,365,1626,3975,8987,9555319,5154550,1744,2988,55447,226278,15134,3370466,41359,2495538,37633,225663,145858,9087,70188,229473,53929,543334,2382,27283,17178,577641,104258,150993,125863,3445762,3033,2324385,34989,10208172,7539845,4931597,2835882,335695,3403232,18790,13893,249782,352580,2129423,1503268,664329,3496399,1663641,1874901,3288861,3758697,579466,2188057,42347,1465260,18028,9942535,1869465,19494,281958,2230551,3960716,4389348,61633,10103131,14728469,14671278,23196758,22406856,7829572,14104076,23359945,7336328,7204534,14865838,15722658,6818271,8073893,8462067,9248598,17100006,17280143,17500665,7390716
3536,1109,988,662,4667,1342,925,805,1082,953,888,858,726,1249,976,825,667,615,710,620,3184,2084,945,777,922,1050,994,2361,1045,1982,1030,1173,1168,1032,989,1021,976,11529,1078,904,933,1097,1215,1069,1117,2551,920,1521,1328,4637,3249,9702,2684,2009,3320,1448,890,1674,1801,1971,2039,1620,7909,2304,1375,4159,2464,1680,2694,1226,1445,1183,14360,25830,1533,1866,14092,48199,23212,1565,4731,5474,5615,5272,6092,7129,7306,6877,4065,3587,4683,3821,4208,5835,6284,3794,4604,6029,4926,4657
18442,18515,1691,248,8445609,318790,4675,55413,251444,17571,15451,12827,13368,860691,19505,12440,393,1668,3989,8744,9638523,5160257,1970,2982,54960,224465,15101,3339406,43319,2479797,37613,220442,160891,9306,72516,236102,54983,569496,2364,27457,17106,589060,104881,151692,141482,3539272,3259,2394861,34701,10330321,7679995,5044904,2900862,340983,3466440,19314,14172,255177,358257,2176301,1568245,682671,3635101,1723922,1942549,3357112,3861125,590386,2256365,43111,1517705,18258,10101990,1643436,18840,255517,2382126,3896372,4186787,61402,9802966,14312369,13934583,22861448,22196958,8336833,14375360,24085204,7279609,7689331,15105322,15794620,6873774,8079139,8100749,9197946,16817071,19053195,19104700,7774571
3348,1107,754,603,3466,1185,895,853,1005,909,745,671,683,1239,936,765,583,571,585,556,3322,2566,887,810,824,1216,898,1813,2379,2310,989,1363,1187,990,1100,1244,894,12760,953,948,878,1025,1036,972,1130,2481,851,1494,1246,4240,3390,2603,2665,1797,2727,1145,917,1379,1226,1475,2442,1408,3063,1740,2019,3261,2578,1839,3051,1268,1352,1115,5746,2822,1106,1704,14212,6455,3311,1382,3685,3515,4128,4909,5717,6577,6608,7186,4437,3740,3987,4391,3503,4078,3938,3651,3729,6257,4581,3643
20388,20190,1851,269,8948160,342791,5131,57766,266655,18737,16219,13627,14127,908988,21233,13447,426,1803,4371,9452,10402144,5423105,2377,3236,58491,242005,15949,3646297,43066,2616874,40285,261737,264535,16708,124449,462026,115535,986647,2905,29940,20597,726828,128058,233111,193927,3894578,3885,2673870,39181,11290171,8342248,5389032,3067673,358311,3652762,20051,14989,284893,347566,2302445,1614335,705259,3660305,1720287,1903473,3448883,4043659,627887,2342387,45216,1586344,32423,10956085,1722979,19653,270701,4310565,7100310,7024720,92250,15195075,20128832,22657456,30315463,25263758,8568244,14668761,24068186,7186416,7269701,15573830,16023004,7138502,8270535,8228065,9246928,16801021,17940899,17675143,7784831
3507,1086,927,643,6366,1696,952,872,1238,944,864,754,700,1223,1016,841,620,616,679,614,4142,2857,899,708,844,1272,926,2526,1017,2405,1083,3378,2247,2029,2259,15499,1997,16774,1321,1009,1026,2394,2145,2220,2410,5543,1193,2630,1440,6023,3634,2713,3221,1827,3661,1201,979,1508,1452,1511,2496,1543,2877,2141,9197,4164,2597,1802,1894,1223,1666,1214,5777,2607,1200,2725,24370,8377,8729,2509,8095,10086,13873,7237,7889,4342,16812,4343,15856,6912,14072,5785,4514,4419,4034,4165,4675,6626,6765,6111
23450,25300,3049,408,8703388,350851,4837,56954,264024,18329,15900,12511,13409,935974,20381,13085,429,1737,4180,9166,9655636,5177263,2152,2992,55071,225285,15114,3383103,40882,2483807,36946,204466,145749,9034,70485,228025,53982,614194,2415,27196,17358,557666,104553,150755,126396,3497799,3035,2282980,33661,10124751,7454031,4922213,2852488,358472,3504853,18291,14161,248338,323459,2468574,1981273,862694,4420920,1714903,1889986,3467556,3839300,596131,2224180,42465,1505311,18467,10939836,1778354,20449,278115,2298452,3735770,4087544,61035,10076729,14747452,14409841,23323739,22252112,7889328,13530833,23364369,7284899,7205114,14733702,15816029,6830432,8039142,7916301,9065348,16601311,17282842,17074805,7206218
4065,2048,1382,1115,7322,1903,934,835,1150,915,758,734,684,1410,1036,830,690,793,573,591,2248,2874,962,717,828,1028,936,1679,987,2261,985,1181,1193,965,1004,9140,1006,13102,1180,874,918,3336,1071,1023,1136,4308,925,1819,1340,3308,7528,2647,2782,5849,5900,1165,913,1404,1189,3729,3444,2262,2848,2140,8725,4483,2621,1548,1936,1270,1576,1138,6917,3333,7840,1768,14572,4760,3233,1316,5509,10016,9033,5677,6389,6402,4956,6220,3681,3504,4157,4352,3260,4733,3750,3996,10771,3887,4807,4421
18233,18261,1752,257,8862964,317731,4934,55035,251361,17852,15492,12267,13096,857510,19963,12703,423,1669,4066,9104,9634480,5196308,1832,3205,71948,225489,15466,3392973,41139,2480857,37763,205155,145641,9086,70446,239602,53661,534774,2329,27637,17071,548267,103638,188135,126009,3483638,3141,2310210,33934,10334135,7635442,5050886,2951639,341946,3469463,19725,14125,254841,362892,2168119,1528099,704214,3599631,1731220,1916448,3332867,4271274,626800,2346256,45802,1598585,19076,10813882,2032747,20598,295256,2801531,3848172,4143139,61078,10092239,14556440,14436564,22926384,22320145,8301676,14234291,24105652,7392464,7572744,15371585,15807213,6945873,8450950,8179328,9081685,16990711,17492505,17133570,7075342
3015,1073,799,574,5513,1519,994,833,1134,16672,729,723,659,1252,954,713,584,628,552,642,3312,3162,940,672,793,1076,892,2047,991,2015,1057,1174,1188,1012,1014,1166,929,12141,931,874,897,1078,1503,1370,1191,2156,908,1726,1218,5660,2824,2693,3061,1861,2614,1183,877,1519,1380,1513,2414,1843,2562,2438,1561,3916,6310,1784,2313,1249,1788,1174,7762,4547,1338,3232,19853,4267,2800,1412,4449,3625,5735,5184,7946,7601,6338,7586,3841,3117,3792,4502,3623,4745,3421,4042,4699,4478,4592,3315
24828,18333,1737,240,8452610,310323,5023,53520,245319,17308,14936,11834,13140,848678,18844,12098,377,1598,3856,8814,9386949,5207597,1927,3075,55618,225497,15982,3394639,39578,2540602,38033,222306,151926,9392,72113,236380,54953,561774,2364,27167,17063,590485,102367,146822,122831,3432612,2969,2393562,35589,10354918,7629156,5061347,2955492,368058,3438919,19034,13852,247651,323468,2192844,1528657,667043,3603789,1735218,1871205,3352185,3838814,577693,2172424,41914,1467590,18418,10034051,2762494,27871,387981,4189753,3927754,4012034,60040,9802402,14199624,14175445,22979628,22278054,7852166,13651491,23180907,7302105,7081282,14604104,15542725,6700170,7778219,7919919,8774773,16702088,17897352,17444707,7239189
6567,1177,800,1376,6339,1420,4115,926,1054,896,750,747,1038,1104,886,686,575,567,1403,613,3898,2753,897,786,842,1069,971,2011,1101,2868,1084,1234,1154,993,1023,1042,975,12774,964,896,891,1047,1074,1011,1075,2550,763,1567,1343,4484,2751,2331,3472,1810,2806,1107,902,1455,1237,2048,1900,1517,4071,1912,1477,4547,2453,1557,2035,1145,1278,1134,7511,6224,2111,3422,18896,6799,3825,1370,5842,5225,4782,5627,8326,6670,4722,6012,5077,3718,4076,4147,2970,3452,4510,4471,6200,4585,4819,3150
18002,23345,2845,358,8505747,323208,4885,54933,255657,18239,15331,12940,13036,882282,19160,12421,376,1647,3887,8928,9543224,5368785,1799,3027,55405,224644,15099,3411749,40777,2488307,37118,204392,146051,9885,70212,228669,53669,562408,2367,27266,17602,552588,104981,151132,126380,3454190,3244,2382542,35208,10280186,7641939,4959674,2885860,336102,3504028,18760,13910,257027,324243,2125313,1505118,673196,3517848,1679934,1869648,3384028,3759600,585614,2177210,41497,1464648,17980,10395930,2722517,26226,392566,4376621,3984707,3991780,59890,9656142,14157310,14375288,22933288,22195997,7753228,13896515,23675516,7324633,7363676,15472995,16231478,6892000,8487778,8553991,9528372,17247860,17498492,17035858,7119660
4460,1752,1186,1039,6442,1555,898,1235,1106,913,749,697,738,1186,908,799,589,559,595,644,2909,3963,966,734,813,943,1197,2579,1017,2090,1049,1175,1394,1967,1087,1074,942,12848,1079,865,871,1012,1049,1035,1100,2584,845,1420,1185,4664,3036,2474,2701,1707,3272,1230,900,1451,1408,1462,1959,1311,2784,1649,1760,3309,3529,2635,2062,1199,1444,1139,6864,5269,2365,2859,19270,5879,3781,1323,5606,5663,4355,4033,6242,6362,5898,6599,3988,3844,7204,4434,3724,6104,4788,4487,4233,4226,4169,3770
24287,24665,2971,372,8242344,316451,4488,53594,245592,17290,15048,11790,12844,855689,19305,12345,403,1666,3941,8708,9623546,5188872,1775,3037,55488,225069,15089,3462258,41462,2517559,38187,226145,149848,9107,70175,229476,54062,558718,2402,27174,17362,575446,105380,151430,126335,3517208,3280,2347161,35271,10338175,7633248,5100421,3346931,365322,3718764,20648,15460,278269,352144,2343552,1630145,706432,3774531,1783065,2009502,3374155,4197182,625526,2391068,44866,1612536,19567,10672921,1982409,23895,344219,2333677,3755850,4098246,61226,10000312,14652220,14519963,23326615,22879606,8064049,13997668,23585664,7457193,7306171,14927750,16033544,6842853,7941745,8080836,9208585,16783621,17490010,17165898,7117490
3560,1904,1349,953,3998,1334,867,867,1092,866,714,728,729,1295,944,763,709,569,537,645,4465,3347,1141,699,975,1010,848,2743,1064,1982,1021,1201,1191,941,1033,1032,1074,12445,1040,885,969,1111,1003,1036,1100,3689,1068,1773,1267,5513,3257,4383,4966,2334,4331,1315,1045,1575,1407,1576,2721,1487,2874,1988,2227,3131,3256,1596,2392,1276,1912,1211,6722,8981,2037,2679,15509,5032,3286,1342,4345,6724,8067,6871,7654,6666,4326,5865,3785,3801,4354,4710,3191,3820,4630,3831,5882,4458,4384,3283
25722,24646,2557,373,8355442,318394,4645,55169,262032,17770,15461,12364,13155,876071,19951,12953,397,1676,4048,9098,9994458,5449815,1902,4836,63702,246973,15503,3508346,42297,2529271,38041,211037,166539,9280,72288,243563,57815,593264,2410,28484,18009,771107,119594,165840,135359,3725386,3468,2596240,37489,11227334,8089985,5216702,3006068,377331,3561762,19743,14838,262162,367863,2307045,1585664,700613,3664877,1777600,1952029,3629557,4064398,625966,2342455,44982,1596203,19040,12774100,2431254,19789,279374,2237389,3719013,4078125,61235,9867753,14343035,14263769,23556364,24584115,8271441,14415131,24239860,7441586,7237956,14979123,15969444,6903725,8025094,8206184,9563840,17074983,17807026,17225477,7206338
4013,1866,1323,1037,6721,1590,903,807,1378,851,709,656,661,1581,952,746,707,598,553,573,5301,3971,1109,1088,1392,1110,1101,2554,1107,2269,1089,1195,1400,940,1006,1021,919,15210,1469,892,936,2866,1680,1493,2181,3125,969,2303,1397,6352,3414,2934,3300,1864,2875,1141,927,1528,1683,2831,1846,1702,3018,2137,2081,4538,3178,1615,2119,1245,1637,1177,9283,5940,1472,1959,16256,3461,2992,1333,4303,4955,5185,11056,6975,4550,4161,6094,4878,4172,4013,4374,4116,4115,4256,4531,4286,3817,4805,3805
26835,25404,2874,422,8447799,318645,4623,54893,256403,17706,15435,12948,12738,876779,19789,12784,412,1655,4024,9101,9695313,5224364,2481,2985,55075,224924,15229,3393686,41294,2596780,38096,239626,171674,9277,106148,235661,56248,566897,2763,28300,17593,579675,108981,154878,129794,3541552,3404,2428484,36740,10875548,8124802,5386387,3041450,393711,3727119,21128,15366,283694,360242,2358163,1673083,766793,3736537,1777053,2003153,3444852,3974574,610210,2278953,44540,1553769,19044,12707804,2852964,21202,290982,2343982,3887883,4187116,63881,10221542,15665006,15292100,24046796,22799558,7974366,13906750,23131030,7354029,7355920,15580899,17351750,7404754,8610531,8532572,9502599,17555593,18341867,18024809,7408395
3958,1832,1381,1077,5808,1582,873,734,1096,847,706,780,645,1335,879,715,961,604,559,654,7203,4743,939,711,1040,1304,813,3030,976,3955,1043,1792,1525,1094,1051,998,956,11503,1069,832,910,1181,1505,1037,1058,4486,988,3302,1600,4822,5441,3973,3210,2424,3804,1287,1075,1737,1435,2301,2243,2021,3541,2842,1931,2800,2481,1438,1729,1141,1787,1144,8558,5707,1529,2196,14814,4462,4142,1412,2893,8263,4748,15870,6425,5466,5005,5740,4416,3568,6294,7004,3997,3702,3789,4309,4265,6061,6140,3673
19830,18949,1859,264,8763381,322949,4610,54913,255766,17789,15340,12226,12948,857539,19924,12663,399,1635,4067,9034,9843897,5327192,1796,3066,56681,231271,15549,3537118,43308,2602194,39391,215963,155318,9585,74020,238646,56421,588760,2445,28385,18127,602177,108768,158721,133295,3585696,3549,2475686,36871,11039232,8021806,5410476,3032839,384706,3626868,20109,15071,268702,346218,2262891,1578891,716206,3754280,1798321,2062705,3522890,4027801,629764,2342608,44422,1596572,19945,13064053,2805180,27342,397908,2754438,3739342,4185854,62805,10114929,14533533,14593461,24369464,24658146,8088600,14333423,25151023,7920111,7746887,15774411,16649985,7148548,8577312,8576557,9457130,17413351,18042757,18419878,7860939
3137,986,758,645,5218,1532,910,832,1078,861,703,704,684,1092,969,711,613,599,574,685,3448,3700,1019,718,774,993,834,2108,1052,2057,1040,1211,1139,1027,966,1065,964,12832,1094,911,946,1171,1019,1313,1120,2662,903,1931,1399,6106,3504,3926,2601,2066,2336,1094,993,1466,1394,1832,2211,1454,3028,1877,2555,3092,2219,1979,1962,1218,1670,1211,10541,6908,2704,3575,15751,3399,3953,1483,2790,4116,6001,6717,6522,5469,4638,7494,4266,3092,4438,4680,3735,4109,3746,3754,4549,4515,6146,5103
19414,23133,3059,413,8980531,338637,4897,58328,264926,21386,20122,18302,14256,910015,20975,14097,408,1769,4299,9588,10231064,5599153,1924,3572,58651,237878,15964,3573922,43774,2592338,52491,210785,151481,9357,72265,281955,56567,610224,2577,28150,18430,609038,112869,163641,136457,3671659,3265,2509156,42847,11100577,8048467,5342187,3019197,382218,3632756,20215,15086,268563,370935,2286693,1584058,712254,3772232,1814880,2077499,3533198,4024062,627654,2341308,44584,1574491,19519,14677344,2062190,20641,284837,2370314,3796485,4216694,62708,10079668,14649297,14642627,23326144,23594963,7964469,14462895,24306997,7634643,7774871,15845422,16648741,7290361,8686041,8595027,9619480,17992177,19000588,18962554,7857138
2822,1885,1355,1176,9028,1366,959,875,1177,1522,7327,1786,762,1224,1294,810,865,615,597,616,3356,4249,992,697,971,1346,904,1859,1024,2085,1231,1149,13935,3706,1045,1708,1051,12928,987,895,913,1435,1074,1097,1195,2353,909,1381,1357,5245,2968,2754,2502,1789,3099,1114,906,1578,1367,1520,1664,1502,3698,2570,2277,3715,2288,1576,2292,1244,2427,1156,10292,6782,1513,1903,13169,2762,3289,1409,3280,3592,3157,3963,6376,5359,5678,6083,3038,3778,5391,4201,4479,5177,4167,5834,6323,7363,5909,6739
21819,24659,3078,382,9119032,351705,5113,59962,273815,19327,16860,14129,14424,943215,21747,14349,434,1879,4399,9941,10512727,5748996,2105,3253,59918,243330,16473,3730892,44507,2783773,41335,228074,162844,10130,78440,264287,60213,601821,2604,42176,18572,614914,112614,164286,136963,3648969,3113,2517998,37664,11342087,8316974,5476683,3160941,373186,3911518,21701,15929,302585,415106,2428260,1699376,757733,3932438,1972973,2163093,4100792,4269662,660556,2519816,48602,1934553,20970,14729360,1818846,21141,294498,2320775,3844076,4221787,63103,10395315,15313932,15163412,24748218,24992898,8278787,14555143,24984402,7838540,7756268,16034393,17163285,7446656,8687253,8711233,9845871,18273654,19422687,19026191,8050932
3005,1757,1342,1005,4384,1681,985,866,1056,891,802,766,710,2501,1005,810,685,637,644,624,4635,4827,960,802,1252,1073,1016,2617,1083,2936,1200,1473,1234,1011,1173,1056,1028,10971,1014,934,943,1719,1147,1283,1221,2499,976,1874,1644,5336,4396,5000,3734,2147,6481,1333,1001,4088,2280,3220,2304,1371,3627,3400,2744,3867,2732,1835,4947,1375,4467,1408,16429,3003,1327,1654,14006,4341,4021,1372,4646,7508,5710,31220,6779,6280,8220,7132,4241,4700,5308,6968,4259,6403,5648,6541,8169,6546,15223,5743
25669,24603,1914,262,8991033,372291,5321,60503,317062,19726,16894,13320,14468,971577,23022,14814,450,2037,4441,9997,10643999,5636793,2139,3485,61450,266370,17621,3693095,45893,2724389,41636,232198,165354,10180,78650,255271,60951,619090,2756,30227,19470,636591,117922,169048,141059,3714348,3749,2599825,39125,11405302,8303165,5445672,3123214,374383,3892783,20681,15344,276756,371282,2364404,1679182,744079,3895018,1842061,2082659,3621098,4271739,669376,2451635,46457,2062845,21008,11209421,1891865,20898,292561,2322446,3788513,4181230,62592,10372026,14829046,15182126,25119252,24932211,8502109,14729431,24526995,7658469,7692131,15510079,16939581,7348797,8606482,8524768,9645131,17790735,18667154,17942267,7296652
6007,1482,939,690,6918,2289,892,777,1773,1021,882,769,835,7698,1059,839,28585,797,662,679,6215,20791,5406,621,672,1169,752,2074,4941,23193,1051,1264,1070,830,850,853,918,25362,869,722,764,949,910,857,948,3241,6650,1525,1142,32013,13542,2240,1915,1456,3453,730,526,21967,897,1385,1625,1331,2289,1305,1248,2452,2241,2470,1626,747,2325,860,4055,2074,765,1015,11147,1488,1746,814,3200,2202,4157,4510,7404,2313,3330,4401,2107,2286,2022,2501,2162,2600,2292,2471,2772,2640,2278,2107
26226,19789,1726,235,8753200,325683,4708,56651,258101,18374,15684,12425,13334,880636,20771,13058,435,1716,4160,9279,10418411,5611898,1927,3228,60347,244446,19279,3689161,45872,2869952,41783,229383,162932,10163,78759,262784,61152,624431,2733,29719,19297,635194,119216,169615,140362,3848292,3490,2620383,39056,11581327,8476928,5394375,3096819,371756,3826465,22880,23376,284000,366395,2432378,1992007,757735,3984096,1866502,2142499,3714326,4262636,662643,2605779,76390,2198758,20866,14058195,1857472,21369,284623,2526666,3803893,4184515,62335,10370025,15344597,14907665,23844903,24206805,8319147,14523227,25698792,8112629,7985327,16379677,16860084,7887890,8694376,8824791,9775751,18287750,18925145,18093773,7324048
1624,664,433,338,2251,4206,510,466,604,558,425,457,418,708,522,472,366,360,310,421,3450,2422,507,348,541,610,422,1636,629,1993,736,811,785,27403,726,606,540,13164,596,508,525,755,698,635,691,19140,4734,1225,868,4505,1948,1919,1753,925,2430,3050,639,1101,771,1696,3083,1064,2692,1631,1782,3057,1901,978,2538,1596,2286,812,4538,2503,792,1096,12805,1879,1822,803,2587,2529,2512,3236,4541,2508,2294,4842,3031,2536,2570,2786,5621,2969,2689,2330,3919,3575,2325,2385
24210,32296,2989,357,8463574,318137,4617,55105,250648,17648,15345,12195,12810,860235,19829,13405,403,1664,4069,9004,9854878,5346514,1815,3274,56223,232721,15558,3473802,41971,2542014,38245,227729,155021,9349,72121,234489,55298,553417,2424,27703,17566,591027,106633,154586,128989,3475556,3072,2358009,37646,10314036,7625718,5062741,2924168,369235,3450071,18979,14122,254024,339302,2178999,1507162,694252,3599798,1726012,1976240,3469362,3937446,609583,2229175,43448,1516677,18596,10728518,1830002,23468,335930,2302712,3737513,4207591,61016,10356063,15151186,15083499,23403069,22374959,8629673,14050326,23825451,7424169,7380831,14917915,15845128,6835058,8105574,7931517,9277916,18050206,18691447,17884610,7447941
2239,1257,714,575,2576,872,477,508,689,566,402,392,401,2221,1361,486,317,324,281,369,2037,2195,502,351,517,599,513,1297,591,974,10392,733,783,448,593,585,547,11776,474,404,500,577,557,510,579,1912,428,798,836,2269,1505,1241,1713,794,1189,533,410,764,682,824,1548,1357,1594,7810,1144,3520,1530,889,1258,655,837,645,4674,4303,974,1405,13865,3290,1941,811,3888,3339,3423,3436,4671,3744,2852,3972,14265,5298,2447,2521,1844,2784,2495,2296,3925,3570,2907,2662
18696,18781,1697,252,8525556,317103,5092,54766,250851,17920,15472,12181,13385,881496,19761,12793,387,1660,4057,9096,10019088,5298946,1765,3048,56141,230856,15510,3469895,42095,2520490,37581,209043,150651,9265,72269,233419,55177,562213,2421,27831,17582,572909,116872,150743,126005,3520835,3129,2526315,37067,10645767,7710490,5155972,2878085,340869,3527779,18795,14556,266530,327293,2173563,1506046,678396,3566510,1726845,1920259,3409917,3893939,614887,2296303,43533,1546841,18927,10652858,1786572,20107,271907,2772328,3827584,4407548,63449,10218262,14686195,14644035,23456763,22747197,8004774,14444008,23946851,7640071,8686178,15927546,16475559,7154495,8603012,8591228,9472614,17463591,17894652,17287227,7178966
1796,680,418,367,2349,746,494,395,584,502,371,388,1810,772,564,430,301,399,394,370,2791,2133,448,367,485,475,479,859,532,1113,688,701,696,565,602,517,539,12873,416,486,451,885,537,560,569,1786,382,1636,825,3554,1832,2217,1510,888,1736,620,401,837,724,1159,1124,888,2584,1396,891,2014,1625,858,1801,632,802,567,4624,1856,597,1220,14428,3655,2671,977,2447,3144,2508,3122,4810,2791,4398,2743,1986,3841,2823,2867,2695,2220,2571,2010,2853,2310,3170,2069
18317,18676,1745,271,8480815,318803,4599,54840,252245,17761,15289,12846,12960,874027,19813,12654,421,1688,4036,9008,10277264,5204447,1843,3070,74191,231902,15535,3494673,42084,2616453,38891,260294,149904,9321,72203,231626,55100,553338,2390,28111,17775,579635,143978,155724,129870,3397834,3220,2379098,35874,10700659,8697552,5365874,3039078,383703,3822708,20697,15336,275732,384350,2379108,1700356,753013,3854682,1808519,2008237,3476793,4127028,644717,2391198,45569,1590652,19462,10600044,1782682,20233,280588,2323617,3699527,4142928,60234,10199924,15073787,14840017,23684735,22610994,8150549,14296815,24296039,7689192,7478192,15268045,16344442,7202459,8398900,8593420,9648792,18045371,18661845,18243760,7607644
1536,611,425,354,1870,873,523,480,635,507,425,372,634,663,591,418,326,308,293,404,3519,2334,438,334,447,1118,363,1369,683,1635,709,770,696,533,643,532,528,10344,432,410,493,987,916,642,626,1394,421,1083,796,5945,4348,2137,2169,1445,2756,731,415,1351,821,1920,1232,1041,2440,1247,1232,2309,1960,954,1714,674,748,694,4195,2428,657,929,12958,1797,1979,840,5535,4840,3096,3298,4771,4279,3398,4114,2769,2129,2623,3397,2329,2619,4043,4023,3234,3408,3629,3163
19508,19488,1773,265,8926170,335563,4871,57596,284380,18544,20286,12524,13161,897828,20409,13059,372,1724,4202,9374,10139075,5684454,1933,3208,59592,243215,16426,3620084,45585,2590614,44565,221085,158191,9770,76103,250552,58120,579678,2559,29776,18583,589986,111313,163158,136487,3606717,4306,2539774,38047,11046218,7911754,5321843,3032927,389189,3637046,20277,14894,268150,380536,2290899,1648177,729976,3866243,1806434,2020497,3535871,4145474,625799,2336714,45404,1602538,20015,11002301,1905650,21097,285888,2326156,3794442,4228462,63511,10195770,14822762,15134344,24729646,24186657,8069915,14460883,24236409,7664836,7378161,15342556,16579214,7183219,8383827,8479126,9464489,17387485,18132841,17482710,7382774
1881,679,410,321,2721,888,526,503,652,512,549,441,395,680,564,416,372,338,294,404,4411,3519,490,333,483,696,492,2007,650,3366,708,978,698,547,597,739,591,10730,474,521,511,664,632,559,651,2922,740,1668,842,2699,2167,2308,1748,830,2067,632,393,693,809,1342,1623,842,3138,1784,1441,2192,1597,880,1057,664,1225,600,5104,2706,669,819,11729,1822,2265,818,2524,2587,3923,4012,4292,2496,3460,3657,2993,2292,3158,2732,2910,2575,3467,2926,2983,3345,3766,2341
19350,19232,1771,258,8942049,347337,4792,57058,257495,18171,15962,12594,13481,896121,20522,13064,384,1723,4157,9457,10049989,5478762,4873,3188,58015,237660,15991,3561516,44316,2637563,40677,229037,162688,9816,76248,248855,58166,609306,2534,29433,18626,619184,112908,176831,133172,3670740,3389,2545897,37619,11257074,8054416,5338521,3050499,368845,3646171,25132,14875,268013,347130,2299928,1589770,739610,3788962,1813717,2001999,3593009,4043789,632393,2338755,45105,1589935,19123,10670136,1843873,20652,282209,2417087,3818064,4227490,63117,10402310,14961316,14863665,23608383,23072004,8075298,14449724,24599133,7655301,7603972,15766629,16713270,7259232,8429161,8738737,9558132,17759765,18573004,17767865,7461404
1991,748,429,314,4500,999,480,459,588,504,435,348,444,812,524,384,321,310,286,408,1998,6514,788,356,454,781,484,1404,540,1411,650,945,740,554,572,624,557,12185,451,502,540,679,569,757,615,2322,478,952,707,3879,1986,2322,2019,961,2676,1217,403,705,671,1440,1111,1372,1688,1509,1083,2259,1619,1332,1120,723,1266,585,4620,3765,723,1210,13371,2121,2066,787,17330,6941,2919,3004,4296,4358,4502,4077,3327,2768,2840,3097,3043,3022,4248,3044,3449,3798,2821,2321
19672,19309,1780,256,8398360,309637,4423,53406,244534,17329,14862,12556,12720,850042,19453,12383,400,1626,3980,8866,9580072,5163566,2191,2972,55042,235857,15096,3406923,40982,2537048,37271,204594,153729,9055,70072,228578,57639,577130,2414,27353,17296,610366,108008,155742,129375,3454637,3848,2313955,34217,10308057,7733384,5060364,2918832,339941,3479405,19372,14226,252616,331628,2163276,1550583,699176,3655967,1728895,1933951,3391407,3860469,597170,2240735,44413,1561125,19293,10227983,1865669,19820,270499,2220364,3700510,4400455,62984,10148554,14923873,15399514,24281354,22424208,7956983,14206495,24193472,7616704,7559855,15444631,15697550,6906525,7939845,8046282,9249692,16616201,18061266,18176800,7304706
1820,688,432,396,3934,824,446,487,599,1131,416,307,389,604,547,408,323,349,278,295,2573,2130,476,345,453,651,378,1427,562,2025,681,723,747,478,530,610,541,12723,407,511,530,726,639,626,614,1979,558,1295,735,2656,2506,1989,1535,812,1417,628,502,815,746,1001,1771,1076,2325,1604,1293,2018,2137,883,1466,783,1108,638,5166,1787,625,709,12220,27581,3325,1015,2845,4093,4377,4067,5452,4258,4267,5221,3408,2400,2730,2390,2691,2321,2890,3074,2577,4325,4864,2236
18671,18418,1662,240,8665257,358741,9229,79941,298949,18284,16080,12557,13139,899127,20619,13041,387,1723,4142,9274,9691770,5298617,1862,2990,54864,224254,15154,3377243,53261,2689713,36921,203159,149225,9081,121397,244305,54060,575271,2391,27725,17660,568743,124438,150997,125826,3341672,3153,2443662,34112,10553627,7800533,5061089,2879981,340489,3637633,19525,14565,274051,339790,2251432,1545756,691057,3582024,1704431,1908208,3291699,4061142,681724,2339316,54128,1557650,18317,10241810,1935333,20173,278312,2220650,3816117,4414930,63708,9897575,15001529,14617121,22984587,22164021,7967849,14282044,24381369,7682212,7625043,16267459,16771241,7074200,8556787,8575697,9522081,17568922,17770337,17130575,7093631
1573,614,465,303,1683,1631,835,873,1091,635,503,373,459,759,563,382,458,325,284,389,2322,1598,444,307,420,525,485,1686,840,1464,693,658,611,468,1053,965,590,9922,479,469,524,587,611,611,573,2046,380,857,739,2911,2279,2087,1575,755,2663,688,394,794,730,1628,938,839,2463,870,854,2479,2976,1399,2332,958,1046,677,4782,1977,618,976,12177,4052,2165,761,2682,3305,2558,2469,5089,3966,3263,4358,4012,2583,5199,2821,2171,2540,2915,2723,3451,2890,2424,2354
